,STATION CODE,LOCATIONS,STATE,Temp,D.O. (mg/l),PH,CONDUCTIVITY (Âµmhos/cm),B.O.D. (mg/l),NITRATENAN N+ NITRITENANN (mg/l),FECAL COLIFORM (MPN/100ml),TOTAL COLIFORM (MPN/100ml)Mean,year
1,1399,"ZUARI AT D/S OF PT. WHERE KUMBARJRIA CANAL JOINS, GOA",GOA,29.8,5.7,7.2,189,2,0.2,4953,8391,2014
2,1475,ZUARI AT PANCHAWADI,GOA,29.5,6.3,6.9,179,1.7,0.1,3243,5330,2014
3,3181,RIVER ZUARI AT BORIM BRIDGE,GOA,29.7,5.8,6.9,64,3.8,0.5,5382,8443,2014
4,3182,RIVER ZUARI AT MARCAIM JETTY,GOA,29.5,5.8,7.3,83,1.9,0.4,3428,5500,2014
5,1400,"MANDOVI AT NEGHBOURHOOD OF PANAJI, GOA",GOA,30,5.5,7.4,81,1.5,0.1,2853,4049,2014
6,1476,"MANDOVI AT TONCA, MARCELA, GOA",GOA,29.2,6.1,6.7,308,1.4,0.3,3355,5672,2014
7,3185,RIVER MANDOVI AT AMONA BRIDGE,GOA,29.6,6.4,6.7,414,1,0.2,6073,9423,2014
8,3186,RIVER MANDOVI AT IFFI JETTY,GOA,30,6.4,7.6,305,2.2,0.1,3478,4990,2014
9,3187,RIVER MANDOVI NEAR HOTEL MARRIOT,GOA,30.1,6.3,7.6,77,2.3,0.1,2606,4301,2014
10,1543,"RIVER KALNA AT CHANDELNAN PERNEM, GOA",GOA,27.8,7.1,7.1,176,1.2,0.1,4573,7817,2014
11,1548,"RIVER ASSONORA AT ASSONORA, GOA",GOA,27.9,6.7,6.4,93,1.4,0.1,2147,3433,2014
12,2276,"RIVER BICHOLIM VARAZAN NAGAR , BICHOLIM",GOA,29.3,7.4,6.8,121,1.7,0.4,11633,18125,2014
13,2275,"RIVER CHAPORA NEAR ALORNA FORT ,PERNEM",GOA,29.2,6.9,7,620,1.1,0.1,3500,6300,2014
14,3189,RIVER CHAPORA AT SIOLIM,GOA,30,6,7.5,72,1.6,0.2,4995,9517,2014
15,1546,"RIVER KHANDEPAR AT OPA NAN PONDA, GOA",GOA,29,7.3,7,247,1.5,0.2,1095,2453,2014
16,2270,"RIVER KHANDEPAR AT CODLI NEAR BRIDGE ,U/S OPA WATERWORKS,SANGUEM",GOA,29.1,7.3,7,188,1,0.1,1286,3048,2014
17,2272,"RIVER KUSHAWATI NEAR BUND AT KEVONA,RIVON,SANGUEM",GOA,28.7,7,6.9,224,1.2,0.3,3896,6742,2014
18,1545,"RIVER MADAI AT DABOS NAN  VALPOI, GOA",GOA,28.7,7.3,6.7,144,1.5,0.1,1940,3052,2014
19,2274,RIVER MAPUSA ON CULVERT ON HIGHWAY MAPUSANANPANAJI,GOA,29.5,5.3,6.8,319,1.8,0.3,6458,10250,2014
20,2271,"RIVER SAL PAZORKHONI,CUNCOLIM(NEAR CULVERT MARGAONAN CANACONA NATIONAL HIGHWAY)",GOA,29,6.3,6.4,79,1.6,1.4,7592,12842,2014
21,2273,"RIVER SAL NEAR HOTEL LEELA MOBOR,CAVELOSSIM",GOA,29.4,5.4,7.6,39,1.4,0.1,3176,6367,2014
22,3183,"RIVER SAL AT KHAREBAND, MARGAO",GOA,28.3,2.2,6.5,322,4.7,1.2,11210,14920,2014
23,3184,"RIVER SAL AT ORLIM BRIDGE, ORLIM",GOA,30.1,5.2,7.1,192,2.6,0.3,5073,8925,2014
24,3190,RIVER SINQUERIM (CANDOLIM SIDE NEAR BRIDGE),GOA,30.3,5.6,7.5,282,1.8,0.1,3205,5082,2014
25,3191,RIVER SINQUERIM NEAR NERUL TEMPLE,GOA,30.5,5.5,7.4,275,1.5,0.1,4698,8625,2014
26,1547,"RIVER TALPONA AT CANACONA, GOA",GOA,29.1,7.3,6.7,55,1.4,0.1,2638,4003,2014
27,3188,RIVER TIRACOL AT TIRACOL,GOA,30.1,6.5,7.5,415,2,0.1,864,1538,2014
28,1544,"RIVER VALVANT AT SANKLI NAN BICHOLIM, GOA",GOA,29.2,7.2,6.3,100,1.5,0.1,7942,13575,2014
29,2651,"AMBA RIVER AT D/S OF WAKEN BRIDGENANU/S OF JS PETROCHEMICALS, WAKENPHATA, ROHA",MAHARASHTRA,25.1,6.6,7.8,95,4.9,0.2,16,36,2014
30,1461,"BHATSA AT D/S OF PISE DAM NEAR PISE VILLAGE (ULHAS), MAHARASHTRA",MAHARASHTRA,29.6,6.9,7.9,99,5,0.4,15,34,2014
31,2653,"BHATSA RIVER AT D/S OF LIBERTY OIL MILLS, SATNEL, SHAHAPUR, THANE",MAHARASHTRA,27.4,6.8,7.7,85,5.2,0.3,11,23,2014
32,2654,"BHATSA RIVER AT U/S OF LIBERTY OIL MILLS, SATNEL, SHAHAPUR, THANE",MAHARASHTRA,27.8,6.7,7.8,80,4.9,0.3,12,29,2014
33,1092,"KALU AT ATALE VILLAGE, MAHARASHTRA",MAHARASHTRA,30.6,5.1,7.3,3937,10.3,1.8,31,83,2014
34,2670,"KAN RIVER, NEAR SAKRI WATER WORKS, SAKRI, DHULE.",MAHARASHTRA,25,5.6,7.9,468,3.6,1.9,66,164,2014
35,1152,"KUNDALIKA AT ROHA CITY, MAHARASHTRA",MAHARASHTRA,25,6.4,7.6,541,5.7,0.6,23,45,2014
36,2198,KUNDALIKA RIVER AT ARE KHURD ( SALINE ZONE ),MAHARASHTRA,25,5.5,7.4,6166,7.7,1.1,44,67,2014
37,2671,"KUNDALIKA RIVER NEAR SALAV BRIDGE (SALINA ZONE), SALAV, ROHA, RAIGAD",MAHARASHTRA,25.3,5.3,7.7,24062,9.9,1.2,156,304,2014
38,2672,"KUNDALIKA RIVER AT DHATAV AT JACKWELL (DRINKING WATER  PUMPING STATIONNANSWEET ZONE), ROHA",MAHARASHTRA,25.1,6.7,7.6,83,4.8,0.2,28,76,2014
39,2168,MITHI RIVER,MAHARASHTRA,26.1,3.6,7.4,4424,31.3,2.2,276,474,2014
41,1151,"PATALGANGA AT SHILPHATA, MAHARASHTRA",MAHARASHTRA,27.4,5.9,7.4,268,6.4,0.4,37,68,2014
42,1462,"PATALGANGA NEAR INTAKE OF MIDC W/W, MAHARASHTRA",MAHARASHTRA,27.1,5.4,7.5,2413,7.4,1.5,59,116,2014
43,2685,"PATALGANGA RIVER AT D/S OF KHARPADA BRIDGE, RAIGAD.",MAHARASHTRA,27.2,5.8,7.3,384,5.4,0.6,37,78,2014
44,2686,"PATALGANGA RIVER AT VYAL PUMP HOUSE , KHALAPUR, RAIGAD.",MAHARASHTRA,27.3,5.9,7.4,269,5.1,1.2,34,60,2014
45,2687,"PATALGANGA RIVER AT KHALAPUR PUMPING STATION, KHALAPUR, RAIGAD.",MAHARASHTRA,27,6,7.3,269,8.5,0.4,32,58,2014
46,2688,"PATALGANGA RIVER AT SAVROLI BRIDGE, KHALAPUR, RAIGAD.",MAHARASHTRA,27.2,6.1,7.3,196,6.1,0.5,30,63,2014
47,2689,"PATALGANGA RIVER AT GAGANGIRI MAHARAJ TEMPLE, KHOPOLI, RAIGAD.",MAHARASHTRA,27,5.9,7.4,269,6.4,0.4,19,47,2014
48,2696,"PEHLAR DAM ON PEHLAR RIVER INLET OF WATER WORKS, VASAI, THANE.",MAHARASHTRA,22.6,6.3,7.8,223,4.6,0.9,15,32,2014
54,2706,"SURYA RIVER, U/S OF SURYA DAM, DHAMMI, VIKRAMGAD, THANE",MAHARASHTRA,27.1,6.8,7.9,5390,4.9,0.8,15,28,2014
55,2707,"SURYA RIVER AT MIDC PUMPING STATION, GARVASHET, PALGHAR, THANE",MAHARASHTRA,27.6,6.6,8.1,161,4.6,0.3,16,32,2014
56,2708,"SURYA RIVER AT INTAKE OF VASAINANVIRAR W/S SCHEME, MASVAN, PALGHAR, THANE",MAHARASHTRA,27.3,6.7,8,138,5,0.3,14,33,2014
57,2709,"TANSA RIVER NEAR ROAD BRIDGE, VILLAGE DAKEWALI, WADA, THANE",MAHARASHTRA,27.8,6.7,7.8,81,4.9,0.3,14,35,2014
58,1093,"ULHAS AT U/S OF NRC BUND AT MOHANE, MAHARASHTRA",MAHARASHTRA,28,5.9,7.7,194,5.5,0.6,22,51,2014
59,1094,"ULHAS AT U/S OF BADLAPUR, MAHARASHTRA",MAHARASHTRA,28.1,6.3,7.6,186,4.6,0.6,13,31,2014
60,2162,ULHAS RIVER ATJAMBHUL WATER WORKS.,MAHARASHTRA,28.6,6.6,7.6,207,4.7,0.7,12,31,2014
61,2712,"VAITARNA RIVER NEAR ROAD BRIDGE, GANDHARE VILLAGE, WADA, THANE.",MAHARASHTRA,26.9,6.8,7.7,85,5,0.4,15,34,2014
65,1342,"ACHENKOIL AT THUMPAMON, KERALA",KERALA,25.1,6.7,7.5,85,1.4,1,183,420,2014
66,1443,"ACHENKOIL AT CHENNITHULA, KERALA",KERALA,24.6,5.8,7.4,77,1.4,0.8,285,691,2014
67,3465,"ACHENKOIL AT KALLARAKADAVU, PATHANAMTHITTA",KERALA,25.7,6.6,7.5,75,1.4,0.7,183,448,2014
68,3466,"ACHENKOIL AT PANDALAM (NEAR AYYAPPA TEMPLE), PATHANAMTHITTA",KERALA,24.8,6.7,7.5,82,1.4,1,161,443,2014
69,2297,R ANCHARAKANDY AT MERUVAMBA,KERALA,27.3,6.7,6.9,56,0.9,0.2,82,172,2014
70,2319,R ANCHARAKANDY AT MERUVAMBA,KERALA,27.5,6.5,6.7,2240,1.2,0.2,136,304,2014
71,2286,R AYROOR AT AYROOR BRIDGE,KERALA,25.2,6.3,6.9,73,1.6,0,787,2008,2014
72,2331,R BHARATHAPUZHA AT KUTTIPPURAM,KERALA,29.9,7,7.4,130,0.7,0.1,301,590,2014
73,2332,R BHARATHAPUZHA AT PATTAMBI,KERALA,29.8,6.6,7.7,191,1.6,0.2,362,661,2014
74,1154,"CHALAKUDY AT PULICKALKANANDAVU, KERALA",KERALA,27.8,6.9,6.9,134,1.1,0.4,249,531,2014
75,20,"CHALIYAR AT KOOLIMADU, KERALA",KERALA,26.7,7,7.5,80,0.8,0.4,2573,3583,2014
76,21,"CHALIYAR AT CHUNGAPALLY, KERALA",KERALA,25.8,6.7,7.4,14526,0.8,0.6,1411,1969,2014
77,3464,"CHALIYAR AT NILAMBUR, MALAPPURAM",KERALA,26.4,7.2,7.4,82,0.7,0.5,840,1311,2014
78,1572,"CHANDRAGIRI AT PADIYATHADKA, KERALA",KERALA,29.8,7.5,7.2,67,1.1,0.1,76,590,2014
79,1573,"CHITRAPUZHA AT IRUMPANAM, KERALA",KERALA,28.6,3,6.6,965,1.7,1.2,247,530,2014
80,2295,R CORAPUZHA AT KANAYANKODE,KERALA,26.9,5.9,7.4,17990,0.7,0.5,1888,2803,2014
81,1564,"R ITHIKKARA AT AYUR, KERALA",KERALA,26,6.7,7.5,90,1.6,0.9,199,473,2014
82,2287,R ITHIKKARA AT ITHIKKARA,KERALA,23.6,6.1,7.4,4429,2,1.6,243,550,2014
83,1566,"R KADALUNDI AT THIRURANGADY, KERALA",KERALA,30.3,6.7,6.9,87,1.7,0.2,155,350,2014
84,2293,R KADALUNDI AT HAJIRAPPALLY,KERALA,30.7,6.9,6.8,85,1.6,0.2,82,206,2014
85,2337,R KADAMBAYAR AT BRAHMAPURAM,KERALA,28.7,2.1,6.8,101,1.6,0.8,431,694,2014
86,2338,R KADAMBAYAR AT MANCKAKADAVU,KERALA,28.2,2.5,6.9,83,1.9,0.3,353,656,2014
87,42,"KALLADA AT PERUMTHOTTAMKADAVU, PUNALOOR, KERALA",KERALA,24.8,7.2,7.6,75,1.4,1,188,426,2014
88,2294,R KALLAI AT KALLAI BRIDGE,KERALA,26.3,3.7,7.7,32005,1.2,0.9,40000,60392,2014
89,3460,"KALPATHI PUZHA AT KALPATHI, PALAKKAD",KERALA,29.2,6.1,7.6,281,1.2,0.7,384,718,2014
90,3458,KARAPUZHA DAM AT WAYANAD,KERALA,26.6,6.7,7.6,106,0.5,2.5,44,71,2014
91,1571,"R KARINGODE AT KAKKADAVU,  KERALA",KERALA,30.4,7.6,7.1,58,1.2,0.1,163,961,2014
92,1155,"KARAMANA AT MOONNATTUMUKKU, KERALA",KERALA,25.5,1.9,7.7,2941,26.9,2.8,10875,37375,2014
93,3471,"RIVER KARAMANA AT ARUVIKARA, THIRUVANANTHAPURAM",KERALA,25.1,7.4,7,35,0.1,0,165,409,2014
94,2289,R KARUVANNURR AT KARUVANNUR BRIDGE,KERALA,28.9,6.4,7.2,63,1.3,0.4,121,535,2014
95,2301,R KAVVAI AT KUTTIYOL PALAM,KERALA,28.8,5.4,6.7,65,1.1,0.3,60,144,2014
96,2291,R KEECHERI AT VADAKKANCHERY BRIDGE,KERALA,29.3,5.6,7.3,90,1.6,0.4,268,705,2014
97,2326,R KORAYAR AT KANJIKODE,KERALA,29.5,7.1,8,728,1.2,0.4,374,697,2014
98,1569,"R KUPPAM AT THALIPARAMBA, KERALA",KERALA,28.4,5.9,6.8,13953,1.5,0.4,70,166,2014
99,2298,R KUPPAM AT RAYAROM,KERALA,26.9,7.4,6.9,57,1.1,0.3,70,159,2014
100,1567,"R KUTTIYADE AT KUTTIYADY ESTATE, KERALA",KERALA,25.8,7.2,7.2,41,0.7,0.2,441,658,2014
101,1568,"R MAHE AT VALAYAM, KERALA",KERALA,26.6,6.5,7.4,71,0.6,0.3,4192,7018,2014
102,2285,R MAMOM AT MAMOM BRIDGE,KERALA,25.3,6.8,7.1,81,0.8,0,389,1268,2014
103,1340,"MANIMALA  AT KALLOOPARA, KERALA",KERALA,28.2,6.8,6.9,68,1.7,0.1,449,660,2014
104,1384,"MANIMALA AT THONDRA, KERALA",KERALA,28.5,6.6,7,70,1.4,0.1,550,822,2014
105,3459,"MANIYANKODE PUZHA AT MANIYANKODE BRIDGE, WAYANAD",KERALA,27.6,6.4,7.7,100,0.6,0.9,56,88,2014
106,2307,R MANJESWAR AT BAJRAKKARA BR.,KERALA,29,7.3,6.9,96,1.9,0.2,89,825,2014
107,1339,"MEENACHIL AT KIDANGOOR, KERALA",KERALA,27.5,6.8,6.6,49,0.5,0.4,1719,2950,2014
108,2304,R MOGRAL AT MOGRAL BR.,KERALA,30,5.6,7.2,24360,2.1,0.3,92,447,2014
109,43,"MUVATTAPUZHA AT VETTIKKATTUMUKKU, KERALA",KERALA,27.8,6.9,6.8,59,0.6,0.5,1916,3375,2014
110,2302,R NEELASWARAM AT NAMBIARKAL DAM,KERALA,30.2,7.1,6.8,14410,1.8,0.1,65,468,2014
111,1570,"R NEELESWARAM AT HOSDURG, KERALA",KERALA,30.8,6.2,7.2,22757,1.5,0.1,98,542,2014
112,1563,"R NEYYAR AT AMARAVILA, KERALA",KERALA,25.3,6.7,7.1,66,0.6,0,222,626,2014
113,2284,R NEYYAR AT ARUVIPURAM,KERALA,25.3,7.2,7,59,0.6,0,165,433,2014
114,2288,R PALLICKAL AT NELLIMUKAL,KERALA,25.8,6,7.6,120,1.3,1.1,212,523,2014
115,1156,"PAMBA AT CHENGANNUR, KERALA",KERALA,27.2,5.2,6.8,55,0.6,0.7,171,313,2014
116,1341,"PAMBA AT THAKAZHY, KERALA",KERALA,28.1,4.8,6.8,86,0.7,0.8,208,332,2014
117,1565,"PAMBA DOWN, KERALA",KERALA,28.3,3.9,6.9,62,0.5,0.7,155,284,2014
118,17,"PERIYAR NEAR ALWAYENANELOOR, KERALA",KERALA,28.1,5,6.9,3185,1.8,0.4,290,667,2014
119,18,"PERIYAR AT KALADY, KERALA",KERALA,27.7,7,7,36,1.1,0.2,276,541,2014
120,1338,"PERIYAR AT SEWAGE DISCHARGE POINT, KERALA",KERALA,28,6.3,6.9,64,1.2,0.3,381,815,2014
121,2333,RIVER PERIYAR AT MUPPATHADAM,KERALA,28.2,6.2,6.9,86,1.3,0.2,372,1007,2014
122,2334,RIVER PERIYAR AT PATHALAM,KERALA,28,5.7,6.8,2640,1.9,0.5,385,759,2014
123,2335,R PERIYAR AT KALAMASSERY,KERALA,28.1,5.7,6.9,53,3.1,0.4,574,1205,2014
124,2336,R PERIYAR AT PURAPPALLIKAVU,KERALA,28.1,6.6,7.1,2007,1.3,0.2,356,785,2014
125,3468,"PERIYAR AT KWA INTAKENAN ALUVA, ERNAKULAM",KERALA,28.1,6.6,7,46,1.3,0.3,228,472,2014
126,2300,R PERUVAMBA AT CHANDAPPURA,KERALA,27.3,6.5,6.5,43,0.9,0.4,87,188,2014
127,2303,R PULLUR AT PULLUR BR.,KERALA,28.3,6.7,6.3,54,0.9,0.1,136,610,2014
128,2290,R PUZHACKAL AT PUZHACKAL BRIDGE,KERALA,29.1,4.3,7.2,113,1.8,0.4,188,796,2014
129,2299,R RAMAPURAM AT RAMAPURAM BRIDGE,KERALA,28.7,4.6,6.7,12561,1.5,0.6,72,171,2014
130,2305,R SHRIYA AT ANGADIMOGARU,KERALA,28.5,7.7,6.9,61,1.6,0,88,554,2014
131,2296,R THALLASSERY AT PATHIPPALAM,KERALA,26.6,5.8,6.5,61,1,0.4,70,151,2014
132,2292,R THIRUR AT THALAKKADATHUR BRIDGE,KERALA,31,4.5,6.9,1614,2.1,0.6,131,230,2014
133,2306,R UPPALA AT  UPPALA BR.,KERALA,30.5,6.9,7.2,20950,1.3,0.2,113,643,2014
134,3473,"RIVER VALAPATTANAM AT PARASSINIKADAVU, KANNUR",KERALA,28.8,6.6,7,14487,0.9,0.3,55,103,2014
135,1442,"VAMANAPURAM, KERALA",KERALA,25.3,6.9,7.5,54,0.6,0,319,1633,2014
136,1448,"NAGAVALLI AT THOTAPALLI REGULATOR, A.P.",ANDHRA PRADESH,25.9,5.5,7.6,569,1.3,0.9,18,141,2014
137,2352,"RIVER VAMSHADHARA, KALINGAPATNAM,VIZIANAGARAM",ANDHRA PRADESH,26.5,5.4,7.8,310,0.8,2.4,7,107,2014
138,3080,"U/S OF KARAKAVAGU AT PALONCHA,  KHAMMAM, A.P.",ANDHRA PRADESH,18.9,7.1,7.8,516,0.7,0.5,2,1238,2014
139,3081,"D/S OF KARAKAVAGU AT PALONCHA,  KHAMMAM, A.P.",ANDHRA PRADESH,20.5,6.9,8,505,0.9,0.7,2,1563,2014
140,1444,"KALI AT D/S WEST COAST PAPER MILL, KARNATAKA",KARNATAKA,27.1,7.3,7.3,109,2.4,3.4,18,65,2014
141,2780,"KALI AT U/S OF WCPM, DANDELI, KARNATAKA",KARNATAKA,26.3,7.5,7.5,83,2.1,2,22,74,2014
142,1894,KUMARADHARA NAN U/S OF UPPINAGADY TOWN BEFORE CONFLUENCE WITH RIVER NETHRAVATHI,KARNATAKA,29.1,6.4,7.2,102,1,0,137,1223,2014
143,1892,NETRAVATHI U/S OF DHARMASTALA AT WATER SUPPLY INTAKE POINT,KARNATAKA,28.4,6.5,7.1,92,1,0,155,1342,2014
144,2423,"BUDHABALANGA, D/S OF BARIPADA TOWN",ODISHA,24.7,7.7,7.9,232,1.3,0.8,30790,40500,2014
145,2424,BUDHABALANGA AT BALASORE D/S,ODISHA,24.4,7.5,7.8,519,2.1,0.7,38700,53556,2014
146,2425,"RIVER KERANDI(INTAKE WELL OF NALCO REFINARY, HAL, SUNABEDA)",ODISHA,22.7,7.3,7.2,103,0.7,1.7,4871,13810,2014
147,2422,"NAGAVALLI AT PENTA U/S, JAYKAYPUR TOWN",ODISHA,24.8,7.4,7.9,196,0.7,0.6,5323,15213,2014
148,1642,"NAGAVALLI AT JAYKAYPUR D/S, ODISHA",ODISHA,24,7.4,7.8,244,1.9,1,20880,12473,2014
149,1643,"NAGAVALLI AT RAYAGADA D/S, ODISHA",ODISHA,22.8,7.5,8,243,1.7,0.9,8780,30319,2014
150,1455,"RUSHIKULYA AT GANJAM U/S, ODISHA",ODISHA,26.8,7.2,8,296,1.5,0.7,1468,4314,2014
151,1456,"RUSHIKULYA AT GANJAM D/S, ODISHA",ODISHA,27.4,6.6,7.8,25034,1.5,0.9,1671,4224,2014
152,2426,VANSADHARA AT MUNIGUDA (D/S OF M/S VEDANTAALUMINA PROJECT),ODISHA,25.3,7.5,7.9,194,1,1,2906,8559,2014
153,2427,VANSADHARA ATGUNUPUR (INTERSTATE BOUNDRY),ODISHA,27.1,7.4,7.9,170,0.8,0.9,4948,16709,2014
159,1450,"PALAR AT VANIYAMBADI WATER SUPPLY HEAD WORK, TAMILNADU",TAMILNADU,29.3,6.5,7.4,1063,2,0.6,177,374,2014
160,1159,"TAMBIRAPARANI AT BDG.NR. MADURA COATS LTD.PAPAVINASAM,TAMILNADU",TAMILNADU,22.8,6.8,6.6,63,2.9,0.1,11,36,2014
161,1160,"TAMBIRAPARANI AT CHERANMADEVI,CAUSE WAY,TAMILNADU",TAMILNADU,24.5,6.6,6.4,101,2.5,0.2,13,41,2014
162,1161,"TAMBIRAPARANI AT TIRUNELVELI,COLLECTORATE,TAMILNADU.",TAMILNADU,25.5,6.6,6.5,136,2.5,0.2,13,45,2014
163,1162,"TAMBIRAPARANI AT MURAPPANADU, TAMILNADU",TAMILNADU,29,6.7,6.9,226,2.2,0.2,12,38,2014
164,1328,"TAMBIRAPARANI AT PAPPANKULAM,TAMILNADU",TAMILNADU,23.8,6.7,6.3,72,2.7,0.2,9,32,2014
165,1329,"TAMBIRAPARANI AT RAIL BDG. NR. AMBASAMUDAM, TAMILNADU",TAMILNADU,22.8,6.7,6.4,61,4.6,0.1,10,34,2014
166,1330,"TAMBIRAPARANI AT ARUMUGANERI, TAMILNADU",TAMILNADU,29,6.6,7.2,1300,2.7,0.2,21,60,2014
167,3025,"TAMBIRAPARANI AT ERAL, THOTHUKUDI, TAMILNADU",TAMILNADU,29,6.7,7,461,2.5,0.1,17,51,2014
168,3026,"TAMBIRAPARANI AT KALLIDAI KURICHI, TIRUNELVELI, TAMILNADU",TAMILNADU,23,6.6,6.2,69,2.5,0.1,11,38,2014
169,3027,"TAMBIRAPARANI AT SRIVAIKUNTAM, D/S OF SK ANAICUT, TIRUNELVELI, TAMILNADU",TAMILNADU,29,6.8,6.9,241,2.5,0.1,14,48,2014
170,3028,"TAMBIRAPARANI AT VELLAKOIL, TIRUNELVELI, TAMILNADU",TAMILNADU,25.7,6.5,6.6,159,2.4,0.2,11,41,2014
171,3029,"TAMBIRAPARANI AT SIVALAPERI, CONFLUENCE POINT OF KUTTRALAM FALLS, D/S OF PALAYAMKOTTAI, TIRUNELVELI, TAMILNADU",TAMILNADU,25.7,6.6,6.7,170,2.5,0.2,10,34,2014
172,3023,"VASISTA AT SALEM, D/S OF SAGO INDUSRIES EFFLUENT, TAMILNADU",TAMILNADU,24.3,0.9,7.6,2039,104.5,0.9,272521616,511090873,2014
174,1023,"GHAGGAR AT MUBARAKPUR REST HOUSE (PATIALA), PUNJAB",PUNJAB,22.7,5.8,7.2,640,6,4.3,1450,4073,2014
175,1024,"GHAGGAR AT 100M D/S CONF. WITH R. SARASWATI (PATIALA),PUNJAB",PUNJAB,19,4.8,7.6,1090,22,3.6,30500,52500,2014
176,1295,"GHAGGAR NEAR BANKARPUR,DERA BASSI,PUNJAB",PUNJAB,23,5.5,7.3,705,10,5,2020,5433,2014
177,1473,"GHAGGAR AT RATANHERI, D/S OF PATIALA NADI (AFTER CONFL.), PUNJAB",PUNJAB,24,5.1,7.4,1375,23.7,5.9,27333,50333,2014
178,1698,"D/S CHHATBIR, PUNJAB",PUNJAB,24.7,5.5,7.4,745,10,6.1,12167,29333,2014
179,1699,"U/S DHAKANSU NALLAH, PUNJAB",PUNJAB,25,5,7.6,975,16.3,6.1,11167,21667,2014
180,1700,"D/S DHAKANSU NALLAH, PUNJAB",PUNJAB,22,4.9,7.7,1385,27.5,7.7,42500,72000,2014
181,1701,"D/S JHARMAL NADI, PUNJAB",PUNJAB,24.3,5,7.3,1067,19.3,6.2,21467,39533,2014
182,1702,"U/S JHARMAL NADI, PUNJAB",PUNJAB,23.3,5.3,7.2,970,13.3,5.9,3167,7133,2014
183,1703,"GHAGGER AT MOONAK, PUNJAB",PUNJAB,19.5,4.9,7.7,1418,21,4.2,28000,49500,2014
184,1704,"D/S SARDULGARH, PUNJAB",PUNJAB,21.5,4.1,7.5,1015,23,6.1,35000,57500,2014
185,1705,"U/S SARDULGARH, PUNJAB",PUNJAB,20,4.8,7.4,854,17,4.7,20500,38000,2014
188,1718,"GAGGAR RIVER WHEN ENTERING IN RAJASTHAN FROM HARYANA NEAR RD NO. 629, RAJASTHAN",RAJASTHAN,32.6,4,6.8,370,3,0.8,4,9,2014
189,1871,"RIVER MARKANDA AT PAONTA, DISTT. SIRMOUR, H.P.",HIMACHAL PRADESH,23.6,7.8,7.8,376,1.3,0.4,9,17,2014
190,2624,MARKANDA U/S KALA AMB,HIMACHAL PRADESH,23.9,7.7,7.7,354,1.3,0.3,12,22,2014
191,2625,MARKANDA D/S KALA AMB/ BOUNDARY OF HARYANA,HIMACHAL PRADESH,24.5,7.6,7.9,344,1.6,0.4,12,22,2014
193,1870,"RIVER SUKHANA AT PARWANOO, DISTT. SOLAN, H.P.",HIMACHAL PRADESH,18.1,4.4,7.1,694,41,1.2,92,224,2014
194,2947,"RIVER JAWAI AT JAWAI DAM, SIROHI, RAJASTHAN",RAJASTHAN,25.1,5.9,8,401,0.9,0.7,4,15,2014
195,1717,"KODRA DAM, MOUNT ABU, RAJASTHAN",RAJASTHAN,22.3,6,7.2,106,0.8,0.4,4,15,2014
196,2948,"RIVER BANDI AT HEMAWAS DAM, PALI, RAJASTHAN",RAJASTHAN,23.7,5.6,7.9,326,1.1,0.8,4,4,2014
197,2949,"RIVER LUNI AT RANAKPUR DAM, RANAKPUR, PALI, RAJASTHAN",RAJASTHAN,23.9,6.2,8.1,592,1,0.7,4,6,2014
198,3383,"BUGI RIVER AT MIBANPARA, SOUTH GARO HILLS",MEGHALAYA,25.5,7.2,7.5,119,2.3,3.8,33,74,2014
199,3384,"BUGI RIVER AT DALU, SOUTH GARO HILLS",MEGHALAYA,25.1,7.2,7.5,120,2.3,4.1,31,67,2014
200,3380,"DAMRING RIVER (KRISHNEI RIVER) AT RESUBELPARA, EAST GARO HILLS",MEGHALAYA,25.2,7.5,7.3,82,1.8,2.8,30,70,2014
201,1632,"GANOL RIVER TURA, MEGHALAYA",MEGHALAYA,23.2,7.5,7.5,111,2.4,3,293,506,2014
202,1428,"KYRHUKHLA NEAR SUTNGA KHLIERIAT,JAINTIA HILLS DT.,MEGHALAYA",MEGHALAYA,20.1,5.3,3.3,831,7.7,3.2,18,36,2014
203,3369,"KYNSHI RIVER AT SOHIONG, WEST KHASI HILLS",MEGHALAYA,18.3,7.2,7.2,56,1.7,2.6,21,42,2014
204,3370,"KYNSHI RIVER AT NANGKHNUM, WEST KHASI HILLS",MEGHALAYA,19.3,7.5,7.2,66,1.6,2.5,22,44,2014
205,3371,"KYNSHI RIVER AT RANIKOR, WEST KHASI HILLS",MEGHALAYA,24,7.8,7,74,2.3,4.3,28,108,2014
206,3375,LUKHA RIVER AT MYNDIHATI (TRIBUTARY OF LUNAR),MEGHALAYA,20.5,6.7,2.7,1350,3.3,1.1,7,16,2014
207,3376,LUKHA RIVER AT SUNAPUR (TRIBUTARY OF LUNAR),MEGHALAYA,21.2,7.3,6.6,274,2.5,2.4,176,386,2014
208,3381,"MANDA RIVER (DUDHAI RIVER) AT JAMPA, EAST GARO HILLS",MEGHALAYA,26.3,7.4,7.3,67,1.8,2.5,25,55,2014
209,3382,"MANDA RIVER (DUDHAI RIVER) AT WAGAISI, EAST GARO HILLS",MEGHALAYA,25.5,7.2,7.4,82,2,2.8,26,61,2014
210,3377,"MYNTANG RIVER AT NARTIANG, JAYANTIA HILLS",MEGHALAYA,20,7.3,7.1,55,1.9,2.5,24,53,2014
211,3378,"MYNTANG RIVER AT MYNSO, JAYANTIA HILLS",MEGHALAYA,20.3,7.3,7.1,57,2,2.4,24,50,2014
212,1631,"MYNTDU RIVER JOWAI, MEGHALAYA",MEGHALAYA,19.4,6.6,7.1,114,2.6,2.8,2142,3108,2014
213,3379,"MYNTDU RIVER AT LESHKA, JAYANTIA HILLS",MEGHALAYA,21,7.3,5.6,56,1.8,2.1,16,34,2014
214,3367,"NONBAH RIVER AT NANGSTOIN MARKE, WEST KHASI HILLS",MEGHALAYA,19.2,5.1,7,105,3.6,4.7,351,780,2014
215,3368,"NONBAH RIVER AT NANGSTOIN MARKE, WEST KHASI HILLS",MEGHALAYA,18.3,7.3,7.1,51,1.6,2.4,19,40,2014
216,3372,"RILANG RIVER AT MAWKYRWAT, WEST KHASI HILLS",MEGHALAYA,19.6,7.7,7.2,50,1.6,2,19,36,2014
217,1633,"SIMSANG RIVER WILLIAMNAGAR, MEGHALAYA",MEGHALAYA,23.7,7.6,7.3,115,2.1,3.7,301,528,2014
218,3353,"UMIAM MAWPHLANG RIVER AT NONGKREM, EAST KHASI HILLS",MEGHALAYA,18.2,6.2,7,81,2.4,5.1,36,79,2014
219,3354,"UMIAM MAWPHLANG RIVER AT UMTYNGNGAR, EAST KHASI HILLS",MEGHALAYA,18.8,7.2,7.1,66,1.9,3.4,28,63,2014
220,3355,"UMIAM MAWPHLANG RIVER AT MAWPHLANG, EAST KHASI HILLS",MEGHALAYA,18.9,7.4,7.1,57,1.5,2.9,13,40,2014
221,3356,"UMIAM MAWPHLANG RIVER AT SHELLA, EAST KHASI HILLS",MEGHALAYA,25.1,7.5,7.4,144,1.7,3.5,26,59,2014
222,3350,UMKHEN AT WAHKDAIT,MEGHALAYA,18.8,7.1,7.1,63,1.9,5.6,22,48,2014
223,3351,UMKHEN AT KSEHPONGDENG,MEGHALAYA,20.2,7.3,7.2,65,1.9,3.3,24,48,2014
224,3352,"UMKHEN RIVER AT DIENGPASOH, EAST KHASI HILLS",MEGHALAYA,20,7.3,7.3,65,2,3,25,54,2014
225,3359,"UMKHRAH RIVER AT DEMTHRING, SHILLONG",MEGHALAYA,18.5,1.5,6.9,345,33.9,16.9,23232,34251,2014
226,3360,"UMKHRAH RIVER ATUMKALIAR, SHILLONG",MEGHALAYA,18.8,3.9,7.1,233,17,10.5,13174,22223,2014
227,3361,"UMKHRAH RIVER ATMAWLAI, SLAUGHTER",MEGHALAYA,18.3,1,7.2,376,57.2,20.3,48665,83554,2014
228,3362,"UMKHRAH RIVER AT MAWPDANG, MAWLAI",MEGHALAYA,18.5,0.9,7.2,506,61.1,19.6,64250,106333,2014
229,3357,"UMNGOT RIVER AT SMIT, EAST KHASI HILLS",MEGHALAYA,18.2,7.2,7,66,1.9,3.7,28,60,2014
230,3358,"UMNGOT RIVER AT DAWKI, EAST KHASI HILLS",MEGHALAYA,22.1,7.7,7.2,62,1.6,3,27,59,2014
231,3363,"UMSHYRPI RIVER AT RISA COLONY, EAST KHASI HILLS",MEGHALAYA,17.6,7.3,6.9,61,2.2,2,25,52,2014
232,3364,"UMSHYRPI RIVER AT LAW COLLEGE, DHANKETI, EAST KHASI HILLS",MEGHALAYA,18.7,1.2,7.1,380,45.7,15.6,51583,94083,2014
233,3365,"UMSHYRPI RIVER AT UMSHYRPI BRIDGE, EAST KHASI HILLS",MEGHALAYA,18.7,3.2,7.1,258,23.5,10.3,31833,54083,2014
234,1427,"UMTREW AT BYRNIHAT EAST, MEGHALAYA",MEGHALAYA,23.1,7.2,7.2,124,6.9,4.5,348,552,2014
235,3366,"UMTREW RIVER AT UMRAN, RINAN BHOI",MEGHALAYA,22.6,7.2,7.1,65,2.1,2.4,56,120,2014
236,3373,"WAH BLEI AT RIANGDO, WEST KHASI HILLS",MEGHALAYA,20,7.5,7.3,64,1.9,3.3,21,42,2014
237,3374,"WAH BLEI AT SHDADDKHAR, WEST KHASI HILLS",MEGHALAYA,19.9,7.6,7.3,65,1.9,3.8,21,43,2014
239,2051,TLAWNG DOWNSTREAM AIZAWL,MIZORAM,24.4,7.2,7.3,275,1.5,0.1,4,68,2014
242,1403,"GUMTI AT U/S SOUTH TRIPURA,TRIPURA",TRIPURA,27.3,6.2,7.8,165,2.1,0,282,340,2014
243,1404,"GUMTI AT D/S SOUTH TRIPURA, TRIPURA",TRIPURA,29.1,6.4,7.8,158,4.1,0.5,458,500,2014
244,1726,"CHANDRAPUR, AGARTALA D/S OF HAORA RIVER, TRIPURA",TRIPURA,26.6,6.6,7.9,210,4.2,1.9,510,572,2014
246,1150,"DAMANGANGA AT KACHIGAON U\S AT GIDC WIER,GUJARAT",GUJARAT,27.1,7.3,7.9,693,0.5,1,161,173,2013
247,1246,"DAMANGANGA AT KACHIGAON D\S (DAMAN), GUJARAT",GUJARAT,27.3,5,7.6,1676,1.8,8,329,174,2013
249,1434,"AMLAKHADI AFTER CONFL. OF W. WATER FROM ANKLESH,GUJARAT",GUJARAT,24.5,6,7.7,1863,8.6,1,47,1183,2013
251,1149,"KOLAK AT PATALIA BDG., GUJARAT",GUJARAT,27.5,5.3,7.8,817,2.8,1,9,23,2013
253,1860,BALEHWAR KHADI AT N.H. NO 8,GUJARAT,28.4,4.5,8.3,1287,1.5,11,116,5,2013
255,1148,"AMBIKA AT BILIMORA, GUJARAT",GUJARAT,27.6,6.8,8.2,1862,2.5,0.87,7,64,2013
258,1862,KAVERI ON BRIDGE AT BILLIMORANANVALSAD ROAD,GUJARAT,27,6.7,8.1,2520,7.2,1,6,41,2013
261,1399,"ZUARI AT D/S OF PT. WHERE KUMBARJRIA CANAL JOINS, GOA",GOA,30,5.6,7.5,41,2,0.08,7022,13410,2013
262,1475,ZUARI AT PANCHAWADI,GOA,30.4,5.5,6.7,209,0.8,0.17,1893,2915,2013
263,3181,RIVER ZUARI AT BORIM BRIDGE,GOA,30.8,5.5,7.1,123,1.5,0.09,3293,6264,2013
264,3182,RIVER ZUARI AT MARCAIM JETTY,GOA,30.3,5.3,7.3,182,1.5,0.08,1976,3080,2013
265,1400,"MANDOVI AT NEGHBOURHOOD OF PANAJI, GOA",GOA,30.1,6,7.6,100,1.2,0.17,5129,6086,2013
266,1476,"MANDOVI AT TONCA, MARCELA, GOA",GOA,29.9,5.7,6.9,111,1,0.14,939,3061,2013
267,3185,RIVER MANDOVI AT AMONA BRIDGE,GOA,29.1,6.4,7.1,140,1.1,0.1,4464,7908,2013
268,3186,RIVER MANDOVI AT IFFI JETTY,GOA,29.9,6.2,7.8,44,2,0.06,9429,9320,2013
269,3187,RIVER MANDOVI NEAR HOTEL MARRIOT,GOA,29.8,6.1,7.6,43,1.8,0.06,6668,9554,2013
270,1543,"RIVER KALNA AT CHANDELNAN PERNEM, GOA",GOA,27.9,7,6.9,64,1.1,0.09,1641,2841,2013
271,1548,"RIVER ASSONORA AT ASSONORA, GOA",GOA,28.2,6.6,6.5,62,1,0.14,4073,7190,2013
272,2276,"RIVER BICHOLIM VARAZAN NAGAR , BICHOLIM",GOA,29.6,7,6.8,304,2,0.49,12140,23867,2013
273,2275,"RIVER CHAPORA NEAR ALORNA FORT ,PERNEM",GOA,28.8,7,7,55,1.2,0.66,1298,2813,2013
274,3189,RIVER CHAPORA AT SIOLIM,GOA,29.5,6.3,7.6,213,1.5,0.06,3803,7069,2013
275,1546,"RIVER KHANDEPAR AT OPA NAN PONDA, GOA",GOA,29.8,6.7,6.8,83,1.2,0.17,2140,3559,2013
276,2270,"RIVER KHANDEPAR AT CODLI NEAR BRIDGE ,U/S OPA WATERWORKS,SANGUEM",GOA,29.7,7.1,6.6,76,1,0.12,2367,3527,2013
277,2272,"RIVER KUSHAWATI NEAR BUND AT KEVONA,RIVON,SANGUEM",GOA,28.7,6.7,6.6,107,1.3,0.22,2461,3757,2013
278,1545,"RIVER MADAI AT DABOS NAN  VALPOI, GOA",GOA,27.9,7.2,6.7,89,0.9,0.06,832,1996,2013
279,2274,RIVER MAPUSA ON CULVERT ON HIGHWAY MAPUSANANPANAJI,GOA,29.3,4.2,6.7,192,2,0.16,4448,9286,2013
280,2271,"RIVER SAL PAZORKHONI,CUNCOLIM(NEAR CULVERT MARGAONAN CANACONA NATIONAL HIGHWAY)",GOA,28.6,6.3,6.6,79,1.6,0.19,2830,6054,2013
281,2273,"RIVER SAL NEAR HOTEL LEELA MOBOR,CAVELOSSIM",GOA,29.8,5.6,7.7,142,1.7,0.14,1831,3644,2013
282,3183,"RIVER SAL AT KHAREBAND, MARGAO",GOA,28.6,2.8,6.4,424,3.2,0.35,12658,21036,2013
283,3184,"RIVER SAL AT ORLIM BRIDGE, ORLIM",GOA,30.6,5.2,7.1,306,2.6,0.34,1411,1525,2013
284,3190,RIVER SINQUERIM (CANDOLIM SIDE NEAR BRIDGE),GOA,30.3,5.6,7.7,40,1.5,0.07,4153,7130,2013
285,3191,RIVER SINQUERIM NEAR NERUL TEMPLE,GOA,30.4,5.5,7.7,40,1.5,0.08,7086,12282,2013
286,1547,"RIVER TALPONA AT CANACONA, GOA",GOA,29.6,6.9,6.7,63,0.9,0.21,691,1132,2013
287,3188,RIVER TIRACOL AT TIRACOL,GOA,29.6,6.3,7.6,227,1.7,0.08,3622,3612,2013
288,1544,"RIVER VALVANT AT SANKLI NAN BICHOLIM, GOA",GOA,29.5,7.1,6.6,68,1.1,0.13,4124,8167,2013
289,2651,"AMBA RIVER AT D/S OF WAKEN BRIDGENANU/S OF JS PETROCHEMICALS, WAKENPHATA, ROHA",MAHARASHTRA,26.7,6.9,7.7,121,3.3,1,77,163,2013
290,1461,"BHATSA AT D/S OF PISE DAM NEAR PISE VILLAGE (ULHAS), MAHARASHTRA",MAHARASHTRA,29.3,7.2,8.2,112,3.3,1,39,94,2013
291,2653,"BHATSA RIVER AT D/S OF LIBERTY OIL MILLS, SATNEL, SHAHAPUR, THANE",MAHARASHTRA,28,6.9,7.7,103,3.7,0.57,48,103,2013
292,2654,"BHATSA RIVER AT U/S OF LIBERTY OIL MILLS, SATNEL, SHAHAPUR, THANE",MAHARASHTRA,28.2,6.9,7.6,104,3.5,0.75,37,79,2013
293,1092,"KALU AT ATALE VILLAGE, MAHARASHTRA",MAHARASHTRA,26.5,6.4,7.4,1003,4.3,2.89,524,753,2013
294,2670,"KAN RIVER, NEAR SAKRI WATER WORKS, SAKRI, DHULE.",MAHARASHTRA,20.7,6.3,8.3,408,2.7,1.58,64,157,2013
295,1152,"KUNDALIKA AT ROHA CITY, MAHARASHTRA",MAHARASHTRA,27.2,6.7,7.8,105,3.6,1,43,89,2013
296,2198,KUNDALIKA RIVER AT ARE KHURD ( SALINE ZONE ),MAHARASHTRA,27.5,6.3,7.6,209,4.4,1.86,48,98,2013
297,2671,"KUNDALIKA RIVER NEAR SALAV BRIDGE (SALINA ZONE), SALAV, ROHA, RAIGAD",MAHARASHTRA,26,5.9,7.6,13768,5,1.79,166,300,2013
298,2672,"KUNDALIKA RIVER AT DHATAV AT JACKWELL (DRINKING WATER  PUMPING STATIONNANSWEET ZONE), ROHA",MAHARASHTRA,26.5,7.3,7.7,86,3.2,1,50,93,2013
299,2168,MITHI RIVER,MAHARASHTRA,27,3.6,7.4,6487,30.5,1.5,534,745,2013
300,2676,"MUCHKUNDI RIVER AT  WAKED,RATNAGIRI, NEAR M/S ASAHI INDIA GLASS LTD., LANJA, RATNAGIRI.",MAHARASHTRA,27.3,6.3,8.3,999,3.3,1.78,4,112,2013
301,1151,"PATALGANGA AT SHILPHATA, MAHARASHTRA",MAHARASHTRA,28.7,7.2,7.7,125,3.3,1,39,89,2013
302,1462,"PATALGANGA NEAR INTAKE OF MIDC W/W, MAHARASHTRA",MAHARASHTRA,28.4,7.1,7.5,127,3.4,4.4,17,63,2013
303,2685,"PATALGANGA RIVER AT D/S OF KHARPADA BRIDGE, RAIGAD.",MAHARASHTRA,28.7,7.1,7.4,5300,38,1,388,667,2013
304,2686,"PATALGANGA RIVER AT VYAL PUMP HOUSE , KHALAPUR, RAIGAD.",MAHARASHTRA,28.7,7.2,7.6,127,3.2,1,22,51,2013
305,2687,"PATALGANGA RIVER AT KHALAPUR PUMPING STATION, KHALAPUR, RAIGAD.",MAHARASHTRA,28.7,7,7.6,126,3.3,1,20,63,2013
306,2688,"PATALGANGA RIVER AT SAVROLI BRIDGE, KHALAPUR, RAIGAD.",MAHARASHTRA,28.7,7.2,7.6,126,3.4,1.89,29,64,2013
307,2689,"PATALGANGA RIVER AT GAGANGIRI MAHARAJ TEMPLE, KHOPOLI, RAIGAD.",MAHARASHTRA,28.7,7.1,7.8,112,3.2,0.63,43,88,2013
308,2199,SAVITRI RIVER AT OVALE VILLAGE.,MAHARASHTRA,29.3,6.8,7.7,9590,3.6,4.57,3,124,2013
309,2701,"SAVITRI RIVER JACKWELL AT UPSA KENDRE, NANGALWADI, MAHAD, RAIGAD",MAHARASHTRA,28.3,6.8,7.4,174,3.7,2.26,4,124,2013
310,2702,"SAVITRI RIVER AT SHEDAV DOH, MAHAD,RAIGAD",MAHARASHTRA,28.7,6.8,7.6,2572,3.3,4.22,4,118,2013
311,2703,"SAVITRI RIVER AT DADLI BRIDGE, DADLI, MAHAD, RAIGADH",MAHARASHTRA,29.2,6.7,7.8,6030,4.4,4.78,4,138,2013
312,2704,"SAVITRI RIVER AT MUTHAVALI VILLAGE, MAHAD, RAIGADH",MAHARASHTRA,28.7,6.8,7.7,7207,3.9,4.25,3,120,2013
313,2706,"SURYA RIVER, U/S OF SURYA DAM, DHAMMI, VIKRAMGAD, THANE",MAHARASHTRA,27.2,6.8,8.1,167,3.8,1,32,85,2013
314,2707,"SURYA RIVER AT MIDC PUMPING STATION, GARVASHET, PALGHAR, THANE",MAHARASHTRA,27.2,6.8,8,173,3.5,1,53,98,2013
315,2708,"SURYA RIVER AT INTAKE OF VASAINANVIRAR W/S SCHEME, MASVAN, PALGHAR, THANE",MAHARASHTRA,27.2,7,8,168,3.6,1,44,83,2013
316,2709,"TANSA RIVER NEAR ROAD BRIDGE, VILLAGE DAKEWALI, WADA, THANE",MAHARASHTRA,28,6.9,7.9,131,3.5,0.75,41,96,2013
317,1094,"ULHAS AT U/S OF BADLAPUR, MAHARASHTRA",MAHARASHTRA,26.2,7,7.6,125,3.5,0.6,33,63,2013
318,2162,ULHAS RIVER ATJAMBHUL WATER WORKS.,MAHARASHTRA,26.2,7.2,7.5,132,3.3,0.9,38,88,2013
319,2712,"VAITARNA RIVER NEAR ROAD BRIDGE, GANDHARE VILLAGE, WADA, THANE.",MAHARASHTRA,28.2,7.2,7.7,119,3.3,1,35,68,2013
320,2164,VASHISTI RIVER AT U/S OF THREE M PAPER MILLS NEAR M/S MULTIFILMS PLASTIC PVT. LTD. AT KHERDI.,MAHARASHTRA,24.5,6.9,7.5,159,2.8,1,3,82,2013
321,2713,"VASHISHTI RIVER AT D/S OF THREE M PAPER MILLS NEAR CHIPLUN WATER INTAKE JACKWELL, KHERDI, RATNAGIRI",MAHARASHTRA,24.5,6.7,7.7,141,3.3,3,4,90,2013
322,2714,"VASHISHTI RIVER AT U/S OF POPHALI NEAR KONPHANSAWANE BRIDGE, CHIPLUN, RATNAGIRI",MAHARASHTRA,24.5,7.3,7.7,132,2.9,2,3,88,2013
323,1342,"ACHENKOIL AT THUMPAMON, KERALA",KERALA,24,6.4,7.3,76,1.7,0.62,199,788,2013
324,1443,"ACHENKOIL AT CHENNITHULA, KERALA",KERALA,24.9,6,7.1,85,1.7,0.53,262,538,2013
325,3465,"ACHENKOIL AT KALLARAKADAVU, PATHANAMTHITTA",KERALA,24.3,6.3,7.1,69,1.3,0.57,248,593,2013
326,3466,"ACHENKOIL AT PANDALAM (NEAR AYYAPPA TEMPLE), PATHANAMTHITTA",KERALA,24.8,6.5,7.3,76,1.6,0.55,226,545,2013
327,2297,R ANCHARAKANDY AT MERUVAMBA,KERALA,26.4,6.7,6.6,60,1.2,0.34,228,435,2013
328,2319,R ANCHARAKANDY AT MERUVAMBA,KERALA,27,7,6.6,3544,1.5,0.37,208,435,2013
329,2286,R AYROOR AT AYROOR BRIDGE,KERALA,26.6,6.7,7.3,51,0.8,0.35,547,1567,2013
330,2331,R BHARATHAPUZHA AT KUTTIPPURAM,KERALA,28.6,6.9,7.7,107,0.7,0.46,255,443,2013
331,2332,R BHARATHAPUZHA AT PATTAMBI,KERALA,28.8,6.7,7.9,173,0.9,0.56,191,426,2013
332,1154,"CHALAKUDY AT PULICKALKANANDAVU, KERALA",KERALA,28,5.6,6.9,126,1.2,0.67,266,990,2013
333,20,"CHALIYAR AT KOOLIMADU, KERALA",KERALA,27.4,7.3,7.4,70,0.8,0.31,2984,4208,2013
334,21,"CHALIYAR AT CHUNGAPALLY, KERALA",KERALA,27.5,6.9,7.4,12754,0.8,0.29,1807,2557,2013
335,3464,"CHALIYAR AT NILAMBUR, MALAPPURAM",KERALA,26.8,7.1,7.4,80,0.6,0.5,1921,2831,2013
336,1572,"CHANDRAGIRI AT PADIYATHADKA, KERALA",KERALA,30,7.2,6.9,62,1.3,0.11,33,150,2013
337,1573,"CHITRAPUZHA AT IRUMPANAM, KERALA",KERALA,28.8,3.4,6.7,2965,2.3,1.11,271,1236,2013
338,2295,R CORAPUZHA AT KANAYANKODE,KERALA,27.4,6.1,7.2,15871,0.9,0.25,1667,2975,2013
339,1564,"R ITHIKKARA AT AYUR, KERALA",KERALA,24.8,6.4,7.2,120,1.9,0.77,258,618,2013
340,2287,R ITHIKKARA AT ITHIKKARA,KERALA,23.6,6.2,7.2,7448,2,1.01,184,483,2013
341,1566,"R KADALUNDI AT THIRURANGADY, KERALA",KERALA,29.8,6.6,6.9,77,1.6,0.29,264,756,2013
342,2293,R KADALUNDI AT HAJIRAPPALLY,KERALA,30.2,6.8,7,72,1.7,0.2,249,785,2013
343,2337,R KADAMBAYAR AT BRAHMAPURAM,KERALA,28.2,2.9,6.7,305,2.2,1.28,403,1623,2013
344,2338,R KADAMBAYAR AT MANCKAKADAVU,KERALA,27.7,3,6.6,86,2,0.39,357,1319,2013
345,42,"KALLADA AT PERUMTHOTTAMKADAVU, PUNALOOR, KERALA",KERALA,23.9,6.7,7.1,79,1.6,0.34,313,738,2013
346,2294,R KALLAI AT KALLAI BRIDGE,KERALA,27.4,3.6,7.3,32790,2.6,0.59,64259,112867,2013
347,3460,"KALPATHI PUZHA AT KALPATHI, PALAKKAD",KERALA,27.8,6.1,7.8,2905,1.3,0.54,422,997,2013
348,3458,KARAPUZHA DAM AT WAYANAD,KERALA,26.4,6.9,7.4,112,0.5,0.35,50,67,2013
349,1571,"R KARINGODE AT KAKKADAVU,  KERALA",KERALA,29.6,7,6.9,51,1.1,0.18,44,317,2013
350,1155,"KARAMANA AT MOONNATTUMUKKU, KERALA",KERALA,27,3.1,7.2,1416,13.2,4.41,2992,19917,2013
351,3471,"RIVER KARAMANA AT ARUVIKARA, THIRUVANANTHAPURAM",KERALA,26.3,7,7.1,30,0.5,0.32,211,496,2013
352,2289,R KARUVANNURR AT KARUVANNUR BRIDGE,KERALA,30,6.1,7,59,1.8,0.58,89,282,2013
353,2301,R KAVVAI AT KUTTIYOL PALAM,KERALA,28,6,6.4,61,2.1,0.28,87,300,2013
354,2291,R KEECHERI AT VADAKKANCHERY BRIDGE,KERALA,30.1,6.3,7,105,2.8,0.37,142,543,2013
355,2326,R KORAYAR AT KANJIKODE,KERALA,27.9,6.9,8.1,502,0.9,0.72,382,615,2013
356,1569,"R KUPPAM AT THALIPARAMBA, KERALA",KERALA,27,5.9,6.7,14662,1.5,0.52,144,377,2013
357,2298,R KUPPAM AT RAYAROM,KERALA,26,7.8,6.8,49,1.4,0.3,122,319,2013
358,1567,"R KUTTIYADE AT KUTTIYADY ESTATE, KERALA",KERALA,27.7,7.1,7.4,380,1,0.14,1527,66382,2013
359,1568,"R MAHE AT VALAYAM, KERALA",KERALA,27.1,7.3,7.2,67,0.9,0.38,6490,3471,2013
360,2285,R MAMOM AT MAMOM BRIDGE,KERALA,26.5,6.2,7.2,51,0.8,0.23,331,942,2013
361,1340,"MANIMALA  AT KALLOOPARA, KERALA",KERALA,28.5,7.2,6.8,69,1.2,0.45,706,941,2013
362,1384,"MANIMALA AT THONDRA, KERALA",KERALA,28.7,6.9,6.7,75,2.5,0.4,526,701,2013
363,3459,"MANIYANKODE PUZHA AT MANIYANKODE BRIDGE, WAYANAD",KERALA,25.7,6.3,7.4,113,0.6,0.88,98,128,2013
364,2307,R MANJESWAR AT BAJRAKKARA BR.,KERALA,29.3,7.6,6.8,79,1.6,0.31,48,109,2013
365,1339,"MEENACHIL AT KIDANGOOR, KERALA",KERALA,27,7,7.2,57,0.6,0.46,2117,3558,2013
366,2304,R MOGRAL AT MOGRAL BR.,KERALA,30.9,5.9,7,22576,1.5,0.35,42,253,2013
367,43,"MUVATTAPUZHA AT VETTIKKATTUMUKKU, KERALA",KERALA,27.1,6.8,7.2,105,0.6,0.39,1200,2392,2013
368,2302,R NEELASWARAM AT NAMBIARKAL DAM,KERALA,30.3,6.3,6.7,2315,1.3,0.17,55,278,2013
369,1570,"R NEELESWARAM AT HOSDURG, KERALA",KERALA,30.4,6.4,6.9,18569,1,0.27,40,277,2013
370,1563,"R NEYYAR AT AMARAVILA, KERALA",KERALA,26.2,6.6,7.3,45,0.6,0.39,228,940,2013
371,2284,R NEYYAR AT ARUVIPURAM,KERALA,26.2,6.9,7.2,42,0.5,0.18,151,774,2013
372,2288,R PALLICKAL AT NELLIMUKAL,KERALA,25.1,6,7.3,92,1.7,0.56,256,597,2013
373,1156,"PAMBA AT CHENGANNUR, KERALA",KERALA,27.4,6.1,7.2,59,0.7,1.04,181,311,2013
374,1341,"PAMBA AT THAKAZHY, KERALA",KERALA,28.1,4.5,6.9,1190,0.7,1.17,218,388,2013
375,1565,"PAMBA DOWN, KERALA",KERALA,28.3,4.2,7,69,0.6,1.04,240,420,2013
376,17,"PERIYAR NEAR ALWAYENANELOOR, KERALA",KERALA,28.2,6,7,5569,2.2,0.68,473,1894,2013
377,18,"PERIYAR AT KALADY, KERALA",KERALA,27.2,7.3,7,34,1,0.27,234,927,2013
378,1338,"PERIYAR AT SEWAGE DISCHARGE POINT, KERALA",KERALA,27.4,6.3,7,44,1.6,0.32,487,1876,2013
379,2333,RIVER PERIYAR AT MUPPATHADAM,KERALA,28.2,6.4,7.2,49,1.4,0.23,362,1357,2013
380,2334,RIVER PERIYAR AT PATHALAM,KERALA,27.9,5.9,7,3272,2.2,0.62,330,1284,2013
381,2335,R PERIYAR AT KALAMASSERY,KERALA,27.3,4.6,7,65,1.7,0.28,631,1937,2013
382,2336,R PERIYAR AT PURAPPALLIKAVU,KERALA,28.2,6.5,6.9,4650,2,1,340,1573,2013
383,3468,"PERIYAR AT KWA INTAKENAN ALUVA, ERNAKULAM",KERALA,28.2,6.5,7,42,1.4,1,249,1221,2013
384,2300,R PERUVAMBA AT CHANDAPPURA,KERALA,26.7,6.4,6.4,45,1.2,1,142,376,2013
385,2303,R PULLUR AT PULLUR BR.,KERALA,28,6,6.1,56,1.2,0,136,438,2013
386,2290,R PUZHACKAL AT PUZHACKAL BRIDGE,KERALA,29.7,5.3,6.8,99,2.8,0.79,106,523,2013
387,2299,R RAMAPURAM AT RAMAPURAM BRIDGE,KERALA,28.2,3.6,6.5,22131,1.8,0.95,105,261,2013
388,2305,R SHRIYA AT ANGADIMOGARU,KERALA,28.9,6.9,6.7,66,1.8,0,93,205,2013
389,2296,R THALLASSERY AT PATHIPPALAM,KERALA,26.4,6,6.6,67,1.5,3.69,168,398,2013
390,2292,R THIRUR AT THALAKKADATHUR BRIDGE,KERALA,30,4.9,6.8,9107,1.6,1,208,614,2013
391,2306,R UPPALA AT  UPPALA BR.,KERALA,30.8,6.3,7,18931,1.4,1,34,201,2013
392,3473,"RIVER VALAPATTANAM AT PARASSINIKADAVU, KANNUR",KERALA,27.8,6.6,6.8,15525,1.1,0.06,149,347,2013
393,1442,"VAMANAPURAM, KERALA",KERALA,26.7,7.1,7.5,46,0.8,1,239,1097,2013
394,1448,"NAGAVALLI AT THOTAPALLI REGULATOR, A.P.",ANDHRA PRADESH,27,6,7.3,432,1.2,3,3,78,2013
395,2352,"RIVER VAMSHADHARA, KALINGAPATNAM,VIZIANAGARAM",ANDHRA PRADESH,26.8,6.1,7.7,328,1.2,1,3,211,2013
396,3080,"U/S OF KARAKAVAGU AT PALONCHA,  KHAMMAM, A.P.",ANDHRA PRADESH,19,5.8,7.8,707,0.6,0.85,2,1100,2013
397,3081,"D/S OF KARAKAVAGU AT PALONCHA,  KHAMMAM, A.P.",ANDHRA PRADESH,21.4,6.1,8,674,0.9,1,2,1260,2013
398,1444,"KALI AT D/S WEST COAST PAPER MILL, KARNATAKA",KARNATAKA,27.1,7.3,7.3,164,2.3,1,115,336,2013
399,2780,"KALI AT U/S OF WCPM, DANDELI, KARNATAKA",KARNATAKA,26.3,7.6,7.4,122,2.4,1,223,834,2013
400,1894,KUMARADHARA NAN U/S OF UPPINAGADY TOWN BEFORE CONFLUENCE WITH RIVER NETHRAVATHI,KARNATAKA,28.3,6.5,7.1,95,1,0,156,212,2013
401,1892,NETRAVATHI U/S OF DHARMASTALA AT WATER SUPPLY INTAKE POINT,KARNATAKA,27.9,6.5,7.1,56,1,0,30,79,2013
402,2423,"BUDHABALANGA, D/S OF BARIPADA TOWN",ORISSA,23.4,7.5,7.8,237,1.4,0.89,8281,18918,2013
403,2424,BUDHABALANGA AT BALASORE D/S,ORISSA,23.5,7.6,7.6,3688,2.3,2.66,19264,32918,2013
404,2425,"RIVER KERANDI(INTAKE WELL OF NALCO REFINARY, HAL, SUNABEDA)",ORISSA,22.4,7.3,7.5,82,1.2,1.58,15816,17512,2013
405,2422,"NAGAVALLI AT PENTA U/S, JAYKAYPUR TOWN",ORISSA,26.8,7.5,8,202,1.4,1.89,11771,23191,2013
406,1642,"NAGAVALLI AT JAYKAYPUR D/S, ORISSA",ORISSA,26.5,7.3,7.9,232,2.9,2.23,9026,30836,2013
407,1643,"NAGAVALLI AT RAYAGADA D/S, ORISSA",ORISSA,22,7.4,7.9,246,2.3,1.9,1850,3900,2013
408,1455,"RUSHIKULYA AT GANJAM U/S, ORISSA",ORISSA,27.6,6.9,8.1,3960,2,2.26,19058,22523,2013
409,1456,"RUSHIKULYA AT GANJAM D/S, ORISSA",ORISSA,26.8,7,8,28222,1.8,2.54,16613,10469,2013
410,2426,VANSADHARA AT MUNIGUDA (D/S OF M/S VEDANTAALUMINA PROJECT),ORISSA,25.6,7.2,7.8,201,1.3,1.59,29937,31034,2013
411,2427,VANSADHARA ATGUNUPUR (INTERSTATE BOUNDRY),ORISSA,26.5,7.3,8,221,1.2,2.26,16103,5289,2013
417,1450,"PALAR AT VANIYAMBADI WATER SUPPLY HEAD WORK, TAMILNADU",TAMILNADU,27.8,6.7,7.5,1088,1.7,0,194,474,2013
418,1159,"TAMBIRAPARANI AT BDG.NR. MADURA COATS LTD.PAPAVINASAM,TAMILNADU",TAMILNADU,23.4,7.2,6.5,73,3.1,0,19,59,2013
419,1160,"TAMBIRAPARANI AT CHERANMADEVI,CAUSE WAY,TAMILNADU",TAMILNADU,25.4,6.7,6.3,98,3.3,1.5,21,74,2013
420,1161,"TAMBIRAPARANI AT TIRUNELVELI,COLLECTORATE,TAMILNADU.",TAMILNADU,26.3,6.3,6.5,143,4,4,38,124,2013
421,1162,"TAMBIRAPARANI AT MURAPPANADU, TAMILNADU",TAMILNADU,29,6.6,6.9,260,5.4,1,17,53,2013
422,1328,"TAMBIRAPARANI AT PAPPANKULAM,TAMILNADU",TAMILNADU,24.6,7.1,6.3,71,3.5,1,24,82,2013
423,1329,"TAMBIRAPARANI AT RAIL BDG. NR. AMBASAMUDAM, TAMILNADU",TAMILNADU,23.5,6.9,6.3,65,3.5,0,17,52,2013
424,1330,"TAMBIRAPARANI AT ARUMUGANERI, TAMILNADU",TAMILNADU,29,7.3,7.1,607,3.6,0.88,33,104,2013
425,3025,"TAMBIRAPARANI AT ERAL, THOTHUKUDI, TAMILNADU",TAMILNADU,27,6.1,7,446,5.2,0.56,26,77,2013
426,3026,"TAMBIRAPARANI AT KALLIDAI KURICHI, TIRUNELVELI, TAMILNADU",TAMILNADU,24,6.9,6.4,94,3.2,1.59,20,65,2013
427,3027,"TAMBIRAPARANI AT SRIVAIKUNTAM, D/S OF SK ANAICUT, TIRUNELVELI, TAMILNADU",TAMILNADU,28.7,6.8,6.8,451,9.4,0.55,22,58,2013
428,3028,"TAMBIRAPARANI AT VELLAKOIL, TIRUNELVELI, TAMILNADU",TAMILNADU,26.3,6,6.6,169,3.9,2,22,84,2013
429,3029,"TAMBIRAPARANI AT SIVALAPERI, CONFLUENCE POINT OF KUTTRALAM FALLS, D/S OF PALAYAMKOTTAI, TIRUNELVELI, TAMILNADU",TAMILNADU,25.7,6.5,6.7,187,3.3,3,32,113,2013
430,3023,"VASISTA AT SALEM, D/S OF SAGO INDUSRIES EFFLUENT, TAMILNADU",TAMILNADU,26.8,3.4,7.8,2577,164.9,1.5,148825783,160405392,2013
432,1023,"GHAGGAR AT MUBARAKPUR REST HOUSE (PATIALA), PUNJAB",PUNJAB,23.3,5.5,7.2,636,9.7,4,1328,4975,2013
433,1024,"GHAGGAR AT 100M D/S CONF. WITH R. SARASWATI (PATIALA),PUNJAB",PUNJAB,22.8,4.7,7.3,1088,23.8,4,28250,56000,2013
434,1295,"GHAGGAR NEAR BANKARPUR,DERA BASSI,PUNJAB",PUNJAB,23.3,5.3,7.2,689,11.3,4,1350,6025,2013
435,1473,"GHAGGAR AT RATANHERI, D/S OF PATIALA NADI (AFTER CONFL.), PUNJAB",PUNJAB,21.8,4.9,7.3,1267,23.5,3,24750,54250,2013
436,1698,"D/S CHHATBIR, PUNJAB",PUNJAB,24.3,5.3,7.4,852,13,4,13775,26750,2013
437,1699,"U/S DHAKANSU NALLAH, PUNJAB",PUNJAB,23.5,4.9,7.5,977,16.5,5,12375,30500,2013
438,1700,"D/S DHAKANSU NALLAH, PUNJAB",PUNJAB,24,4.4,7.4,1256,24.8,6,25250,55250,2013
439,1701,"D/S JHARMAL NADI, PUNJAB",PUNJAB,23.5,4.8,7.2,1021,20.3,4,22875,43700,2013
440,1702,"U/S JHARMAL NADI, PUNJAB",PUNJAB,23.3,5.1,7.3,971,14.8,5,2125,8425,2013
441,1703,"GHAGGER AT MOONAK, PUNJAB",PUNJAB,22.5,4.6,7.4,1284,24.3,4,21500,50000,2013
442,1704,"D/S SARDULGARH, PUNJAB",PUNJAB,26,4,7.4,1096,26,3,31750,57500,2013
443,1705,"U/S SARDULGARH, PUNJAB",PUNJAB,25.8,4.4,7.3,1002,21.5,4,21000,43750,2013
448,1718,"GAGGAR RIVER WHEN ENTERING IN RAJASTHAN FROM HARYANA NEAR RD NO. 629, RAJASTHAN",RAJASTHAN,30.7,4.8,7.6,295,0.8,0,4,9,2013
449,1871,"RIVER MARKANDA AT PAONTA, DISTT. SIRMOUR, H.P.",HIMACHAL PRADESH,20.3,7.1,7.5,293,1.3,0,9,19,2013
450,2624,MARKANDA U/S KALA AMB,HIMACHAL PRADESH,20.7,7.1,7.5,316,1.4,0,13,22,2013
451,2625,MARKANDA D/S KALA AMB/ BOUNDARY OF HARYANA,HIMACHAL PRADESH,20.8,6.6,7.5,274,1.6,0,14,24,2013
452,1870,"RIVER SUKHANA AT PARWANOO, DISTT. SOLAN, H.P.",HIMACHAL PRADESH,20.6,4.9,7.4,407,16.3,0,51,120,2013
453,2947,"RIVER JAWAI AT JAWAI DAM, SIROHI, RAJASTHAN",RAJASTHAN,28,4.9,8.3,603,1,0,4,5,2013
454,1717,"KODRA DAM, MOUNT ABU, RAJASTHAN",RAJASTHAN,23.4,5.5,7.4,138,0.8,0,4,6,2013
455,2948,"RIVER BANDI AT HEMAWAS DAM, PALI, RAJASTHAN",RAJASTHAN,25.3,5.5,8.1,625,1.1,0,4,6,2013
456,1719,"GAGGAR RIVER D/S HANUMANGARH NEAR 2 KNJ NAI ABADI, MAKKASR, RAJASTHAN",RAJASTHAN,31.1,5,7.3,305,1.7,0,4,12,2013
457,2949,"RIVER LUNI AT RANAKPUR DAM, RANAKPUR, PALI, RAJASTHAN",RAJASTHAN,26.3,5.6,8.1,552,1.1,0,4,6,2013
458,3305,"RIVER BANJAR AT MALANJKHAND NEAR W/S INTAKE POINT, JABALPUR",MADHYA PRADESH,22,7.3,7.3,402,2.1,0,4,32,2013
459,3383,"BUGI RIVER AT MIBANPARA, SOUTH GARO HILLS",MEGHALAYA,24.4,7.2,7.3,99,2.2,1,26,57,2013
460,3384,"BUGI RIVER AT DALU, SOUTH GARO HILLS",MEGHALAYA,23.7,7.2,7.4,102,2.2,1,25,56,2013
461,3380,"DAMRING RIVER (KRISHNEI RIVER) AT RESUBELPARA, EAST GARO HILLS",MEGHALAYA,24.6,7.6,7.2,72,1.8,2.56,24,57,2013
462,1632,"GANOL RIVER TURA, MEGHALAYA",MEGHALAYA,23.1,7.1,7.5,131,2.2,3.2,239,413,2013
463,1428,"KYRHUKHLA NEAR SUTNGA KHLIERIAT,JAINTIA HILLS DT.,MEGHALAYA",MEGHALAYA,21.7,5.2,2.9,682,7.8,1.5,16,30,2013
464,3369,"KYNSHI RIVER AT SOHIONG, WEST KHASI HILLS",MEGHALAYA,18.2,7.3,7.1,47,1.3,2,15,48,2013
465,3370,"KYNSHI RIVER AT NANGKHNUM, WEST KHASI HILLS",MEGHALAYA,18.8,7.6,7.2,52,1.2,2,16,36,2013
466,3371,"KYNSHI RIVER AT RANIKOR, WEST KHASI HILLS",MEGHALAYA,23.8,8,6.9,64,1.8,3.38,23,49,2013
467,3372,RILANG RIVER,MEGHALAYA,17.8,7.9,7.3,46,1.4,1,12,29,2013
468,3373,WAH BLEI,MEGHALAYA,18.7,7.4,7.2,53,1.9,3,14,32,2013
469,3374,WAH BLEI,MEGHALAYA,18.8,7.7,7.2,55,1.6,3,15,63,2013
470,3375,LUKHA RIVER,MEGHALAYA,21.3,6.8,2.7,1074,3.2,2.33,4,11,2013
471,3376,LUKHA RIVER,MEGHALAYA,22.6,7.1,6.5,237,3.8,4.56,674,1072,2013
472,3381,"MANDA RIVER (DUDHAI RIVER) AT JAMPA, EAST GARO HILLS",MEGHALAYA,25.2,7.8,7.2,50,1.6,1.77,20,41,2013
473,3382,"MANDA RIVER (DUDHAI RIVER) AT WAGAISI, EAST GARO HILLS",MEGHALAYA,24.8,7.3,7.3,71,2,2.66,21,47,2013
474,3377,"MYNTANG RIVER AT NARTIANG, JAYANTIA HILLS",MEGHALAYA,19.9,7.3,7,91,1.8,3.3,20,45,2013
475,3378,"MYNTANG RIVER AT MYNSO, JAYANTIA HILLS",MEGHALAYA,20.7,7.4,7.1,49,1.7,2.44,19,42,2013
476,1631,"MYNTDU RIVER JOWAI, MEGHALAYA",MEGHALAYA,20.6,6.5,7.1,99,2.7,3.56,1967,2722,2013
477,3379,"MYNTDU RIVER AT LESHKA, JAYANTIA HILLS",MEGHALAYA,21.5,7.5,5.7,50,1.5,2.21,10,23,2013
478,3367,"NONBAH RIVER AT NANGSTOIN MARKE, WEST KHASI HILLS",MEGHALAYA,17.7,5.8,6.9,68,3.1,4.9,197,463,2013
479,3368,"NONBAH RIVER AT NANGSTOIN MARKE, WEST KHASI HILLS",MEGHALAYA,17.9,6.9,7.2,44,1.4,2.66,14,33,2013
480,1633,"SIMSANG RIVER WILLIAMNAGAR, MEGHALAYA",MEGHALAYA,23.9,7.8,7.3,93,1.9,2.99,264,444,2013
481,3353,"UMIAM MAWPHLANG RIVER AT NONGKREM, EAST KHASI HILLS",MEGHALAYA,18,6.6,7,66,2.3,4,29,63,2013
482,3354,"UMIAM MAWPHLANG RIVER AT UMTYNGNGAR, EAST KHASI HILLS",MEGHALAYA,18.4,7.6,7.1,53,1.7,3,23,53,2013
483,3355,"UMIAM MAWPHLANG RIVER AT MAWPHLANG, EAST KHASI HILLS",MEGHALAYA,18.8,7.8,7,47,1.4,2,8,35,2013
484,3356,"UMIAM MAWPHLANG RIVER AT SHELLA, EAST KHASI HILLS",MEGHALAYA,24.8,7.7,7.4,128,1.6,3.32,25,56,2013
485,3350,UMKHEN AT WAHKDAIT,MEGHALAYA,19.3,7.1,7,54,1.8,2.58,20,43,2013
486,3351,UMKHEN AT KSEHPONGDENG,MEGHALAYA,20.6,7.4,7,69,1.6,3.3,17,87,2013
487,3352,"UMKHEN RIVER AT DIENGPASOH, EAST KHASI HILLS",MEGHALAYA,20.7,7.5,7.2,58,1.6,2.25,21,46,2013
488,3359,"UMKHRAH RIVER AT DEMTHRING, SHILLONG",MEGHALAYA,18.4,3.1,7.2,401,21.8,19,22556,31444,2013
489,3360,"UMKHRAH RIVER ATUMKALIAR, SHILLONG",MEGHALAYA,19.1,4.7,7.2,202,13.6,15,13444,20056,2013
490,3361,"UMKHRAH RIVER ATMAWLAI, SLAUGHTER",MEGHALAYA,19.7,2.1,7.2,303,37.2,18.2,39444,62333,2013
491,3362,"UMKHRAH RIVER AT MAWPDANG, MAWLAI",MEGHALAYA,20.1,1.8,7.2,394,40.6,15.4,57222,96944,2013
492,3357,"UMNGOT RIVER AT SMIT, EAST KHASI HILLS",MEGHALAYA,17.6,7.2,6.9,55,1.7,3.04,26,56,2013
493,3358,"UMNGOT RIVER AT DAWKI, EAST KHASI HILLS",MEGHALAYA,22.7,7.9,7.1,55,1.2,3.55,23,50,2013
494,3363,"UMSHYRPI RIVER AT RISA COLONY, EAST KHASI HILLS",MEGHALAYA,17.9,6.9,6.9,52,2.2,3.48,1576,45,2013
495,3364,"UMSHYRPI RIVER AT LAW COLLEGE, DHANKETI, EAST KHASI HILLS",MEGHALAYA,18.9,1.9,7,306,34.2,17.9,48278,85667,2013
496,3365,"UMSHYRPI RIVER AT UMSHYRPI BRIDGE, EAST KHASI HILLS",MEGHALAYA,19.4,4.5,7.1,196,15.5,11,48611,43333,2013
497,1427,"UMTREW AT BYRNIHAT EAST, MEGHALAYA",MEGHALAYA,23.7,7.2,7.1,107,6.7,5.56,303,476,2013
498,3366,"UMTREW RIVER AT UMRAN, RINAN BHOI",MEGHALAYA,22.7,7.5,7,82,2.1,3.02,45,122,2013
503,1403,"GUMTI AT U/S SOUTH TRIPURA,TRIPURA",TRIPURA,27.4,6.6,7.7,165,1.7,0,280,325,2013
504,1404,"GUMTI AT D/S SOUTH TRIPURA, TRIPURA",TRIPURA,21.9,6.7,7.8,167,4.8,1,440,520,2013
505,1726,"CHANDRAPUR, AGARTALA D/S OF HAORA RIVER, TRIPURA",TRIPURA,27.5,6.6,7.7,183,3.7,1.55,415,575,2013
506,1393,DAMANGANGA AT D/S OF MADHUBAN,DAMAN & DIU,31,7.1,7.8,151,8,0.08, , ,2012
507,1150,DAMANGANGA AT KACHIGAON U\S AT GIDC WIER,GUJARAT,28,7.2,7.4,319,0.7,0.18,5,10,2012
508,1865,RIVER DHADAR AT KOTHADA,GUJARAT,27,6.2,8.4,894,9,0.38,140,350,2012
509,1434,AMLAKHADI AFTER CONFL. OF W. WATER FROM ANKLESHWAR,GUJARAT,30,2.2,8,1835,17.9,0.86,10478,25478,2012
510,1980,AMLAKHADI AT PUNGAM ANKLESHWAR DISTT BHARUCH,GUJARAT,31,2,7.7,3165,32.3,3.44,11498,15173,2012
511,1149,KOLAK AT PATALIA BDG,GUJARAT,29,2.4,7.6,1500,6.2,1.31,3,13,2012
512,1399,ZUARI AT D/S OF PT. WHERE KUMBARJRIA CANAL JOINS,GOA,31,5.9,7.2,52,2.1,0.08, ,90,2012
513,1475,ZUARI AT PANCHAWADI,GOA,30,6.1,6.8,408,1.3,0.17,1300,3808,2012
514,3181,RIVER ZUARI AT BORIM BRIDGE,GOA,30,5.5,6.9,143,1.3,0.09,4100,11113,2012
515,3182,RIVER ZUARI AT MARCAIM JETTY,GOA,29,5.4,7.2,60,1.5,0.08,428,2309,2012
516,1400,MANDOVI AT NEGHBOURHOOD OF PANAJI,GOA,29,5.8,7.2,34,5.3,0.17,855,3322,2012
517,1476,"MANDOVI AT TONCA, MARCELA",GOA,29,5.9,6.7,125,1.5,0.14,1638,5793,2012
518,3185,MANDOVI AT AMONA BRIDGE,GOA,28,6.4,6.7,175,1.3,0.1,772,3636,2012
519,3186,RIVER MANDOVI AT IFFI JETTY,GOA,30,6.2,7.7,39,1.3,0.06,1296,4517,2012
520,3187,MANDOVI NEAR HOTEL MARRIOT,GOA,30,6.1,7.8,39,1.5,0.06,1032,5840,2012
521,1543,KALNA AT CHANDELNAN PERNEM,GOA,27,7.3,6.9,61,0.7,0.09,1430,4388,2012
522,1548,RIVER ASSONORA AT ASSONORA,GOA,28,6.8,6.6,71,1.5,0.14,2495,3949,2012
523,2276,"BICHOLIM VARAZAN NAGAR, BICHOLIM",GOA,29,7.4,6.5,129,2.3,0.49,5868,16691,2012
524,2275,"RIVER CHAPORA NEAR ALORNA FORT ,PERNEM",GOA,28,7,6.8,503,1.6,0.66,965,2404,2012
525,3189,RIVER CHAPORA AT SIOLIM,GOA,29,6.3,7.5,31,1.6,0.06,1466,4267,2012
526,1546,KHANDEPAR AT OPA NAN PONDA,GOA,29,7.1,6.8,70,0.8,0.17,716,3567,2012
527,2270,"KHANDEPAR AT CODLI NR BDG, U/S OPA WATERWORKS,SANGUEM",GOA,30,7.3,6.8,69,1.2,0.12,457,2446,2012
528,2272,"RIVER KUSHAWATI NEAR BUND AT KEVONA,RIVON,SANGUEM",GOA,28,6.7,6.6,118,1,0.22,1104,3496,2012
529,1545,RIVER MADAI AT DABOS NAN  VALPOI,GOA,28,7.4,6.8,80,1.3,0.06,274,1404,2012
530,2274,RIVER MAPUSA ON CULVERT ON HIGHWAY MAPUSANANPANAJI,GOA,29,4.5,6.6,250,2.4,0.16,1572,5889,2012
531,2271,"SAL PAZORKHONI, CUNCOLIM (NEAR CULVERT MARGAONAN CANACONA NATIONAL HIGHWAY)",GOA,28,6.1,6.9,74,1.8,0.19,1074,3937,2012
532,2273,"RIVER SAL NEAR HOTEL LEELA MOBOR,CAVELOSSIM",GOA,30,5.9,7.3,44,1.6,0.14,962,2794,2012
533,3183,"SAL AT KHAREBAND, MARGAO",GOA,30,2.4,6.5,195,4.8,0.35,7980,14217,2012
534,3184,"SAL AT ORLIM BRIDGE, ORLIM",GOA,31,4,6.8,207,1.8,0.34,818,2280,2012
535,3190,RIVER SINQUERIM (CANDOLIM SIDE NEAR BRIDGE),GOA,29,5.4,7.6,40,1.6,0.07,290,1330,2012
536,3191,RIVER SINQUERIM NEAR NERUL TEMPLE,GOA,30,5.3,7.6,41,1.4,0.08,952,2517,2012
537,1547,RIVER TALPONA AT CANACONA,GOA,29,7,6.9,54,0.8,0.21,667,3059,2012
538,3188,RIVER TIRACOL AT TIRACOL,GOA,29,5.9,7.7,44,2.1,0.08,1200,831,2012
539,1544,VALVANT AT SANKLI NAN BICHOLIM,GOA,29,7.1,6.5,60,1.7,0.13,2926,8163,2012
540,2651,"AMBA AT D/S OF WAKEN BRIDGENANU/S OF JS PETROCHEMICALS, WAKENPHATA, ROHA",MAHARASHTRA,29,6.9,7.7,99,3.3,0.56,53,123,2012
541,1461,BHATSA AT D/S OF PISE DAM NEAR PISE VILLAGE (ULHAS),MAHARASHTRA,30,6.6,7.9,123,3.2,0.52,44,104,2012
542,2653,"BHATSA AT D/S OF LIBERTY OIL MILLS, SATNEL, SHAHAPUR,THANE",MAHARASHTRA,27,6.6,7.7,220,3.6,0.65,25,77,2012
543,2654,"BHATSA AT U/S OF LIBERTY OIL MILLS, SATNEL, SHAHAPUR, THANE",MAHARASHTRA,27,6.8,7.7,219,3.4,0.63,23,75,2012
544,1092,KALU AT ATALE VILLAGE,MAHARASHTRA,27,4.8,7.2,5429,8.4,2.08,177,408,2012
545,2670,"KAN RIVER, NEAR SAKRI WATER WORKS, SAKRI, DHULE.",MAHARASHTRA,23,6.4,8,493,4.2,3.91,17,68,2012
546,1152,KUNDALIKA AT ROHA CITY,MAHARASHTRA,29,6.8,7.6,100,3,0.54,124,295,2012
547,2198,KUNDALIKA RIVER AT ARE KHURD ( SALINE ZONE ),MAHARASHTRA,29,6.7,7.5,316,4.6,0.6,47,132,2012
548,2671,"KUNDALIKA RIVER NEAR SALAV BRIDGE (SALINA ZONE), SALAV, ROHA, RAIGAD",MAHARASHTRA,28,5.8,7.9,37227,9.5,1.42,231,451,2012
549,2672,"KUNDALIKA AT DHATAV AT JACKWELL (DRINKING WATER  PUMPING STATIONNANSWEET ZONE), ROHA",MAHARASHTRA,29,6.9,7.7,84,3.1,0.42,69,168,2012
550,2168,MITHI RIVER,MAHARASHTRA,25,4.9,7.6,21254,55.5,2.18,560,964,2012
551,2676,"MUCHKUNDI RIVER AT  WAKED, NEAR M/S ASAHI INDIA GLASS LTD., LANJA, RATNAGIRI.",MAHARASHTRA,28,6.9,7.9,312,2.7,1.58,4,107,2012
552,1151,PATALGANGA AT SHILPHATA,MAHARASHTRA,29,6.8,7.5,146,3,0.6,124,241,2012
553,1462,PATALGANGA NEAR INTAKE OF MIDC W/W,MAHARASHTRA,29,6.7,7.3,127,2.9,0.59,100,209,2012
554,2685,"PATALGANGA RIVER AT D/S OF KHARPADA BRIDGE, RAIGAD.",MAHARASHTRA,29,5.6,6.9,432,4.5,1.72,58,173,2012
555,2686,"PATALGANGA RIVER AT VYAL PUMP HOUSE , KHALAPUR, RAIGAD.",MAHARASHTRA,29,6.5,7.3,126,3,0.59,132,284,2012
556,2687,"PATALGANGA RIVER AT KHALAPUR PUMPING STATION, KHALAPUR, RAIGAD.",MAHARASHTRA,30,7.1,7.5,128,3,0.6,136,297,2012
557,2688,"PATALGANGA RIVER AT SAVROLI BRIDGE, KHALAPUR, RAIGAD.",MAHARASHTRA,30,6.4,7.3,129,3.1,0.6,68,191,2012
558,2689,"PATALGANGA AT GAGANGIRI MAHARAJ TEMPLE, KHOPOLI, RAIGAD.",MAHARASHTRA,29,6.9,7.7,129,2.9,0.55,135,268,2012
559,2696,"PEHLAR DAM ON PEHLAR INLET OF WATER WORKS, VASAI, THANE.",MAHARASHTRA,25,7,7.9,153,2.9,0.55,30,86,2012
560,2199,SAVITRI RIVER AT OVALE VILLAGE.,MAHARASHTRA,30,6.4,7.6,10165,3.7,2.14,5,139,2012
561,2701,"SAVITRI JACKWELL AT UPSA KENDRE, NANGALWADI, MAHAD, RAIGAD",MAHARASHTRA,30,6.9,7.7,307,2.8,3.6,4,123,2012
562,2702,"SAVITRI RIVER AT SHEDAV DOH, MAHAD,RAIGAD",MAHARASHTRA,31,6.3,7.7,322,3.5,1.1,4,116,2012
563,2703,"SAVITRI RIVER AT DADLI BRIDGE, DADLI, MAHAD, RAIGADH",MAHARASHTRA,30,6.5,7.5,5835,3.4,1.72,4,126,2012
564,2704,"SAVITRI RIVER AT MUTHAVALI VILLAGE, MAHAD, RAIGADH",MAHARASHTRA,30,6.3,7.4,9245,4.7,2,4,134,2012
565,2706,"SURYA RIVER, U/S OF SURYA DAM, DHAMMI, VIKRAMGAD, THANE",MAHARASHTRA,28,6.5,8.1,1907,4,0.55,46,115,2012
566,2707,"SURYA AT MIDC PUMPING STN, GARVASHET, PALGHAR, THANE",MAHARASHTRA,28,7,8,1896,3.5,0.64,190,245,2012
567,2708,"SURYA RIVER AT INTAKE OF VASAINANVIRAR W/S SCHEME, MASVAN, PALGHAR, THANE",MAHARASHTRA,28,7,8,206,2.9,0.56,31,74,2012
568,2709,"TANSA RIVER NEAR ROAD BRIDGE, VILLAGE DAKEWALI, WADA, THANE",MAHARASHTRA,27,6.8,7.8,239,3.3,0.56,33,77,2012
569,1093,ULHAS AT U/S OF NRC BUND AT MOHANE,MAHARASHTRA,27,6.4,7.6,152,3.2,0.96,62,142,2012
570,1094,ULHAS AT U/S OF BADLAPUR,MAHARASHTRA,26,6.7,7.7,146,3,0.89,30,73,2012
571,2162,ULHAS ATJAMBHUL WATER WORKS,MAHARASHTRA,27,6.7,7.6,137,2.9,0.76,24,64,2012
572,2712,"VAITARNA NR RD BDG, GANDHARE VILLAGE, WADA, THANE.",MAHARASHTRA,28,6.6,7.8,228,3.5,0.57,30,79,2012
573,2164,VASHISTI AT U/S OF THREE M PAPER MILLS NEAR M/S MULTIFILMS PLASTIC PVT. LTD. AT KHERDI.,MAHARASHTRA,23,7,7.7,409,2.4,0.93,4,112,2012
574,2713,"VASHISHTI  AT D/S OF THREE M PAPER MILLS NR CHIPLUN WATER INTAKE JACKWELL,KHERDI,RATNAGIRI",MAHARASHTRA,22,6.8,7.6,263,2.9,0.81,4,123,2012
575,2714,"VASHISHTI RIVER AT U/S OF POPHALI NEAR KONPHANSAWANE BRIDGE, CHIPLUN, RATNAGIRI",MAHARASHTRA,23,6.9,7.5,338,2.3,3.93,4,108,2012
576,1342,ACHENKOIL AT THUMPAMON,KERALA,26,7,7.2,79,0.8,0.62,279,637,2012
577,1443,ACHENKOIL AT CHENNITHULA,KERALA,26,6.6,7,67,1.1,0.53,275,670,2012
578,3465,"ACHENKOIL AT KALLARAKADAVU, PATHANAMTHITTA",KERALA,26,6.6,7.3,59,0.7,0.57,281,541,2012
579,3466,"ACHENKOIL AT PANDALAM (NEAR AYYAPPA TEMPLE),PATHANAMTHITTA",KERALA,26,6.2,7.3,66,0.8,0.55,303,609,2012
580,2297,ANCHARAKANDY AT MERUVAMBA,KERALA,26,7.1,7,67,1,0.34,170,538,2012
581,2319,ANCHARAKANDY AT MERUVAMBA,KERALA,26,7,6.7,5341,1.1,0.37,158,528,2012
582,2286,R AYROOR AT AYROOR BRIDGE,KERALA,29,6.7,7.3,89,1.1,0.35,1163,2025,2012
583,2331,BHARATHAPUZHA AT KUTTIPPURAM,KERALA,28,6.2,7.3,136,1,0.46,296,676,2012
584,2332,R BHARATHAPUZHA AT PATTAMBI,KERALA,28,7.1,8.1,212,0.9,0.56,524,992,2012
585,1154,CHALAKUDY AT PULICKALKANANDAVU,KERALA,29,6.3,6.3,134,1.2,0.67,224,780,2012
586,20,CHALIYAR AT KOOLIMADU,KERALA,26,7.3,7.2,76,0.6,0.31,468,893,2012
587,21,CHALIYAR AT CHUNGAPALLY,KERALA,26,7,7.3,11041,0.9,0.29,256,503,2012
588,3464,"CHALIYAR AT NILAMBUR, MALAPPURAM",KERALA,28,6.8,7.1,75,0.8,0.5,693,1169,2012
589,1572,CHANDRAGIRI AT PADIYATHADKA,KERALA,29,7.4,7.2,61,0.7,0.11,54,255,2012
590,1573,CHITRAPUZHA AT IRUMPANAM,KERALA,28,1.7,6.6,769,3.4,1.11,556,1717,2012
591,2295,R CORAPUZHA AT KANAYANKODE,KERALA,26,6.1,7.5,14083,1.4,0.25,920,2686,2012
592,1564,"R ITHIKKARA AT AYUR, KERALA",KERALA,26,6.6,7.2,92,0.8,0.77,332,660,2012
593,2287,R ITHIKKARA AT ITHIKKARA,KERALA,25,6.6,7.2,1348,0.8,1.01,392,810,2012
594,1566,R KADALUNDI AT THIRURANGADY,KERALA,29,6,6.7,95,1.2,0.29,253,680,2012
595,2293,R KADALUNDI AT HAJIRAPPALLY,KERALA,29,6.6,6.8,78,1,0.2,275,626,2012
596,2337,KADAMBAYAR AT BRAHMAPURAM,KERALA,28,0.6,6.7,268,4.1,1.28,400,1308,2012
597,2338,KADAMBAYAR AT MANCKAKADAVU,KERALA,27,1.8,6.6,82,2,0.39,399,1410,2012
598,42,"KALLADA AT PERUMTHOTTAM KADAVU, PUNALOOR",KERALA,25,7.1,7.2,61,1,0.34,251,608,2012
599,2294,R KALLAI AT KALLAI BRIDGE,KERALA,26,3.9,7.6,30298,2.5,0.59,4830,7240,2012
600,3460,"KALPATHI PUZHA AT KALPATHI, PALAKKAD",KERALA,27,6.6,8,310,1.1,0.54,517,783,2012
601,3458,KARAPUZHA DAM AT WAYANAD,KERALA,27,7,7.1,97,0.8,0.35,45,77,2012
602,1571,R KARINGODE AT KAKKADAVU,KERALA,29,7.3,7,51,0.7,0.18,65,258,2012
603,1155,KARAMANA AT MOONNATTUMUKKU,KERALA,29,0.5,7.1,1717,21.2,4.41,3317,15833,2012
604,3471,"RIVER KARAMANA AT ARUVIKARA, THIRUVANANTHAPURAM",KERALA,29,7,7.4,55,0.9,0.32,800,1400,2012
605,2289,R KARUVANNURR AT KARUVANNUR BRIDGE,KERALA,29,6.1,6.8,67,1.1,0.58,80,394,2012
606,2301,R KAVVAI AT KUTTIYOL PALAM,KERALA,27,7,6.7,61,1.3,0.28,168,248,2012
607,2291,KEECHERI AT VADAKKANCHERY BDG,KERALA,30,5.2,6.9,81,1.5,0.37,71,465,2012
608,2326,R KORAYAR AT KANJIKODE,KERALA,27,6.1,8,510,1.1,0.72,784,1572,2012
609,1569,R KUPPAM AT THALIPARAMBA,KERALA,27,6.5,6.9,12150,1.8,0.52,711,1481,2012
610,2298,R KUPPAM AT RAYAROM,KERALA,25,7.9,7.2,50,1.1,0.3,319,845,2012
611,1567,R KUTTIYADE AT KUTTIYADY ESTATE,KERALA,25,7.5,6.9,34,0.9,0.14,110,256,2012
612,1568,"R MAHE AT VALAYAM, KERALA",KERALA,26,7,7.4,72,1,0.38,496,897,2012
613,2285,R MAMOM AT MAMOM BRIDGE,KERALA,29,7.3,7.3,99,0.9,0.23,1088,1788,2012
614,1340,MANIMALA  AT KALLOOPARA,KERALA,27,7.5,6.9,125,1.6,0.45,970,1400,2012
615,1384,MANIMALA AT THONDRA,KERALA,27,6.8,6.9,116,1.7,0.4,825,1260,2012
616,3459,"MANIYANKODE PUZHA AT MANIYANKODE BRIDGE, WAYANAD",KERALA,27,5.8,7.3,107,0.9,0.88,232,343,2012
617,2307,R MANJESWAR AT BAJRAKKARA BR.,KERALA,28,7.1,7.2,85,0.8,0.31,67,184,2012
618,1339,MEENACHIL AT KIDANGOOR,KERALA,26,6.8,7.1,58,0.7,0.46,2010,3460,2012
619,2304,R MOGRAL AT MOGRAL BR.,KERALA,29,5.7,7.3,13197,1.5,0.35,46,144,2012
620,43,MUVATTAPUZHA AT VETTIKKATTUMUKKU,KERALA,27,6.7,7.1,58,1.2,0.39,964,1739,2012
621,2302,NEELASWARAM AT NAMBIARKAL ,KERALA,28,7,6.9,3453,0.9,0.17,56,278,2012
622,1570,R NEELESWARAM AT HOSDURG,KERALA,29,6.5,7,14369,1.3,0.27,63,175,2012
623,1563,R NEYYAR AT AMARAVILA,KERALA,28,6.6,7.3,70,1.4,0.39,838,1875,2012
624,2284,R NEYYAR AT ARUVIPURAM,KERALA,29,7,7.3,60,0.8,0.18,631,1813,2012
625,2288,R PALLICKAL AT NELLIMUKAL,KERALA,26,6.3,7.2,97,0.8,0.56,357,880,2012
626,1156,PAMBA AT CHENGANNUR,KERALA,28,6,7,63,1.1,1.04,243,493,2012
627,1341,PAMBA AT THAKAZHY,KERALA,28,4.4,7.1,113,1.5,1.17,358,722,2012
628,1565,PAMBA DOWN,KERALA,28,4.5,7.2,79,1,1.04,279,537,2012
629,17,PERIYAR NEAR ALWAYENANELOOR,KERALA,28,5.1,6.9,1789,2.1,0.68,408,1946,2012
630,18,PERIYAR AT KALADY,KERALA,27,7.5,7.2,36,1.1,0.27,282,1134,2012
631,1338,PERIYAR AT SEWAGE DISCHARGE POINT,KERALA,28,6.8,7,59,1.3,0.32,648,2267,2012
632,2333,PERIYAR AT MUPPATHADAM,KERALA,28,6.8,6.9,114,1.4,0.23,388,1785,2012
633,2334,RIVER PERIYAR AT PATHALAM,KERALA,28,5.9,6.8,1108,2.2,0.62,386,1520,2012
634,2335,R PERIYAR AT KALAMASSERY,KERALA,28,4.9,6.7,88,2.2,0.28,480,2200,2012
635,2336,R PERIYAR AT PURAPPALLIKAVU,KERALA,28,6.8,6.9,1686,1.4,0.25,236,1223,2012
636,3468,"PERIYAR AT KWA INTAKENAN ALUVA, ERNAKULAM",KERALA,28,7.1,6.9,45,1.2,0.29,451,1636,2012
637,2300,PERUVAMBA AT CHANDAPPURA,KERALA,26,6.9,6.6,56,1.1,0.3,177,542,2012
638,2303,R PULLUR AT PULLUR BR.,KERALA,28,6.5,6.3,49,1,0.22,87,323,2012
639,2290,R PUZHACKAL AT PUZHACKAL BRIDGE,KERALA,29,4.9,6.6,169,2.1,0.76,250,1241,2012
640,2299,R RAMAPURAM AT RAMAPURAM BRIDGE,KERALA,28,4.2,6.5,19575,1.4,0.39,210,528,2012
641,2305,R SHRIYA AT ANGADIMOGARU,KERALA,28,6.9,7.1,63,0.9,0.16,152,336,2012
642,2296,THALLASSERY AT PATHIPPALAM,KERALA,26,6.6,6.7,69,0.8,0.38,185,464,2012
643,2292,THIRUR AT THALAKKADATHUR BDG,KERALA,29,4.5,6.6,6381,2.1,0.34,196,435,2012
644,2306,R UPPALA AT  UPPALA BR.,KERALA,29,6.2,7.2,9326,1.3,0.22,61,141,2012
645,3473,"RIVER VALAPATTANAM AT PARASSINIKADAVU, KANNUR",KERALA,27,6.6,7.1,15158,1.1,0.26,126,810,2012
646,1442,VAMANAPURAM,KERALA,29,6.3,7.3,74,1.2,0.29,725,1813,2012
647,1448,NAGAVALLI AT THOTAPALLI REGULATOR,ANDHRA PRADESH,27,6,7.6,429,1.1,1.1,3,362,2012
648,2352,"RIVER VAMSHADHARA, KALINGAPATNAM,VIZIANAGARAM",ANDHRA PRADESH,27,6,7.8,308,1.1,1.47,3,343,2012
649,3080,"U/S OF KARAKAVAGU AT PALONCHA,  KHAMMAM",ANDHRA PRADESH,20,5.8,7.4,505,0.6,0.73,4,1517,2012
650,3081,"D/S OF KARAKAVAGU AT PALONCHA,  KHAMMAM",ANDHRA PRADESH,24,6.1,7.5,465,0.5,0.34,4,1458,2012
651,1444,KALI AT D/S WEST COAST PAPER MILL,KARNATAKA,28,6.4,7.1,183,2.3,0.62,209,398,2012
652,2780,"KALI AT U/S OF WCPM, DANDELI",KARNATAKA,27,7.1,7.4,135,1.9,0.72,419,995,2012
653,1894,KUMARADHARA NAN U/S OF UPPINAGADY TOWN B/C WITH RIVER NETHRAVATHI,KARNATAKA,32,6.7,7.2,103,1, ,11,70,2012
654,1892,NETRAVATHI U/S OF DHARMASTALA AT WATER SUPPLY INTAKE POINT,KARNATAKA,30,6.8,7.1,106,1, ,13,137,2012
655,2423,"BUDHABALANGA, D/S OF BARIPADA",ORISSA,22,7.8,7.9,213,1.5,0.35,7742,15083,2012
656,2424,BUDHABALANGA AT BALASORE D/S,ORISSA,22,7.7,8.1,312,2,0.75,12675,32017,2012
657,2425,"RIVER KERANDI(INTAKE WELL OF NALCO REFINARY, HAL, SUNABEDA)",ORISSA,24,6.9,7.6,99,1.6,1.39,3066,5395,2012
658,2422,"NAGAVALLI AT PENTA U/S, JAYKAYPUR TOWN",ORISSA,27,7.3,8,230,1.6,0.69,2346,4348,2012
659,1642,NAGAVALLI AT JAYKAYPUR D/S,ORISSA,26,6.8,8.1,264,2.6,1.16,2428,5142,2012
660,1643,NAGAVALLI AT RAYAGADA D/S,ORISSA,25,7.2,8.1,272,3.1,1.46,2196,4586,2012
661,1455,RUSHIKULYA AT GANJAM U/S,ORISSA,28,8,8.3,312,1.4,0.73,1618,4319,2012
662,1456,RUSHIKULYA AT GANJAM D/S,ORISSA,29,8.2,8,19595,2,0.94,624,1116,2012
663,2426,VANSADHARA AT MUNIGUDA (D/S OF M/S VEDANTAALUMINA PROJECT),ORISSA,26,7,8,199,1.8,1.11,1503,3573,2012
664,2427,VANSADHARA ATGUNUPUR (INTERSTATE BOUNDRY),ORISSA,28,7.2,8.1,201,1.6,0.36,1239,2324,2012
665,1685,ARASALAR RIVER KARAIKAL REGION,PONDICHERRY,31,6.8,7.8,505,2.1,0.02, , ,2012
666,2444,CORINGA RIVER,PONDICHERRY,25,6.5,7.9,11170,3,0.3, , ,2012
667,2442,GAUTAMINANGODAVARI RIVER,PONDICHERRY,25,6.9,7.4,4990,3,0.37, , ,2012
668,2443,GAUTAMINANGODAVARI RIVER,PONDICHERRY,25,6.8,8.1,1516, ,0.28, , ,2012
669,2445,MAHE RIVER,PONDICHERRY,26,6,7.3,44600, ,0.23, , ,2012
670,1450,PALAR AT VANIYAMBADI WATER SUPPLY HEAD WORK,TAMILNADU,27,6.8,7.5,890,2.1,0.51,274,589,2012
671,1159,TAMBIRAPARANI AT BDG.NR. MADURA COATS LTD. PAPAVINASAM,TAMILNADU,23,7.3,7.6,160,1.9,0.06,32,89,2012
672,1160,"TAMBIRAPARANI AT CHERANMADEVI,CAUSE WAY",TAMILNADU,25,7,7.7,111,2.2,0.08,53,131,2012
673,1161,"TAMBIRAPARANI AT TIRUNELVELI,COLLECTORATE",TAMILNADU,26,6.7,7.7,139,3.1,0.22,123,300,2012
674,1162,TAMBIRAPARANI AT MURAPPANADU,TAMILNADU,29,7.2,7.2,288,2.1,0.14,33,91,2012
675,1328,TAMBIRAPARANI AT PAPPANKULAM,TAMILNADU,24,7,7.1,95,1.9,0.08,47,118,2012
676,1329,TAMBIRAPARANI AT RAIL BDG. ,TAMILNADU,24,7,7.5,84,1.7,0.06,32,87,2012
677,1330,TAMBIRAPARANI AT ARUMUGANERI,TAMILNADU,29,7.4,7,3101,15.6,0.15,76,174,2012
678,3025,"TAMBIRAPARANI AT ERAL, THOTHUKUDI",TAMILNADU,29,7.2,7.3,510,2.9,0.08,46,123,2012
679,3026,"TAMBIRAPARANI AT KALLIDAI KURICHI, TIRUNELVELI",TAMILNADU,24,7.1,7.4,88,1.8,0.07,34,90,2012
680,3027,"TAMBIRAPARANI AT SRIVAIKUNTAM, D/S OF SK ANAICUT, TIRUNELVELI",TAMILNADU,29,7.2,6.9,338,3.8,0.07,44,104,2012
681,3028,"TAMBIRAPARANI AT VELLAKOIL, TIRUNELVELI",TAMILNADU,26,6.7,7.6,162,3.3,0.16,90,249,2012
682,3029,"TAMBIRAPARANI AT SIVALAPERI, CONFLUENCE POINT OF KUTTRALAM FALLS, D/S OF PALAYAMKOTTAI, TIRUNELVELI",TAMILNADU,27,6.7,7.6,182,4.1,0.15,92,251,2012
683,3023,"VASISTA AT SALEM, D/S OF SAGO INDUSRIES EFFLUENT",TAMILNADU,32,0.2,7.2,2219,185.8,1.75,180000000,300000000,2012
684,1885,GHAGGAR AT D/S OF SURAJPUR,HARYANA, ,6.8,8,414,3.1,0.88, , ,2012
685,1023,GHAGGAR AT MUBARAKPUR REST HOUSE (PATIALA),PUNJAB,21,5.5,7.4,635,8.8,5.08,1400,5500,2012
686,1024,GHAGGAR AT 100M D/S CONF. WITH R. SARASWATI (PATIALA),PUNJAB,24,5.5,7.4,1051,25,6.8,32000,63000,2012
687,1295,"GHAGGAR NEAR BANKARPUR,DERA BASSI",PUNJAB,21,5.3,7.3,636,9.9,5,2150,10000,2012
688,1473,"GHAGGAR AT RATANHERI, D/S OF PATIALA NADI (AFTER CONFL.)",PUNJAB,24,5.1,7.4,993,21.9,6.63,36250,57750,2012
689,1698,GHAGGAR AT D/S CHHATBIR,PUNJAB,21,5.3,7.5,632,13.5,5.08,20000,34750,2012
690,1699,GHAGGAR AT U/S DHAKANSU NALLAH,PUNJAB,18,4.9,7.4,973,17.5,4.77,22000,40667,2012
691,1700,GHAGGAR AT D/S DHAKANSU NALLAH,PUNJAB,22,4.3,7.5,1156,24.5,7.65,33750,65000,2012
692,1701,GHAGGAR AT D/S JHARMAL NADI,PUNJAB,22,4.8,7.4,904,26,8.6,31750,55000,2012
693,1702,GHAGGAR AT U/S JHARMAL NADI,PUNJAB,21,5.1,7.4,1110,16,14.85,3475,12000,2012
694,1703,GHAGGAR AT MOONAK,PUNJAB,24,5.3,7.4,1290,26.9,8.1,36250,66250,2012
695,1704,GHAGGAR AT D/S SARDULGARH,PUNJAB,22,4.9,7.4,990,27.8,6.78,19000,40500,2012
696,1705,GHAGGAR AT U/S SARDULGARH,PUNJAB,22,5.2,7.4,914,20.5,6.18,14750,29500,2012
697,1025,"GHAGGAR GHNAN1 AT ROAD BRDG. SIRSA,DEBWALI ROAD",HARYANA, ,6.4,7.9,1808,21,5.9, , ,2012
698,1026,GHAGGAR GHNAN2 AT CHANDARPUR ,HARYANA, ,6.6,7.8,1302,18, , , ,2012
699,1887,GHAGGAR BEFORE OTTU WEIR (BEFORE MIXING OF SATLUJ CANAL ,HARYANA, ,6.4,8,1286,19.5, , , ,2012
700,1718,GAGGAR RIVER WHEN ENTERING IN RAJASTHAN FROM HARYANA NEAR RD NO. 629,RAJASTHAN,33,4.8,7.5,280,2.4,0.72,3,4,2012
701,1871,"RIVER MARKANDA AT PAONTA, DISTT. SIRMOUR",HIMACHAL PRADESH,20,7.7,7.4,344,1.2,0.37,9,19,2012
702,2624,MARKANDA U/S KALA AMB,HIMACHAL PRADESH,20,7.3,7,310,1.4,0.38,13,22,2012
703,2625,MARKANDA D/S KALA AMB/ BOUNDARY OF HARYANA,HIMACHAL PRADESH,20,7.1,7.7,303,1.5,0.34,13,23,2012
704,1884,KALA AMB D/S MARKANDA RIVER,HARYANA,20,3.3,7.5,1630,185,1.75, , ,2012
705,1870,"RIVER SUKHANA AT PARWANOO, DISTT. SOLAN",HIMACHAL PRADESH,18,6.2,7.5,788,41.5,4.08,105,235,2012
706,2947,"JAWAI AT JAWAI DAM, SIROHI",RAJASTHAN,24,6,8.3,468,1.4,0.43,5,16,2012
707,1717,"KODRA DAM, MOUNT ABU",RAJASTHAN,19,5.9,7.3,234,1.5,0.36,4,12,2012
708,2948,"BANDI AT HEMAWAS DAM, PAL",RAJASTHAN,23,6.4,8,527,1.2,0.35,5,21,2012
709,2949,"RIVER LUNI AT RANAKPUR DAM, RANAKPUR, PALI",RAJASTHAN,24,5.9,7.9,796,1.5,0.48,4,14,2012
710,3305,"BANJAR AT MALANJKHAND NR W/S INTAKE POINT, JABALPUR",MADHYA PRADESH,23,7.3,7.4,388,2.1,0.58, ,46,2012
751,3383,"BUGI RIVER AT MIBANPARA, SOUTH GARO HILLS",MEGHALAYA,25,7.7,7.2,95,1.8,2.67,22,50,2012
752,3384,"BUGI AT DALU, SOUTH GARO HILLS",MEGHALAYA,25,7.6,7.2,92,2.5,2.41,20,45,2012
753,3380,"DAMRING RIVER (KRISHNEI RIVER) AT RESUBELPARA, EAST GARO HILLS",MEGHALAYA,25,9.9,7.2,65,1.5,2.31,21,55,2012
754,1632,GANOL RIVER TURA,MEGHALAYA,24,7.6,7.4,93,2.1,2.89,276,408,2012
755,1428,"KYRHUKHLA NR SUTNGA KHLIERIAT,JAINTIA HILLS ",MEGHALAYA,22,5.5,2.9,568,6.8,1.12,18,33,2012
756,3369,"KYNSHI RIVER AT SOHIONG, WEST KHASI HILLS",MEGHALAYA,16,7.6,7,42,1.3,3.01,11,27,2012
757,3370,"KYNSHI  AT NANGKHNUM, WEST KHASI HILLS",MEGHALAYA,17,7.7,7.1,45,1.4,2.89,9,22,2012
758,3371,"KYNSHI RIVER AT RANIKOR, WEST KHASI HILLS",MEGHALAYA,23,8.3,7,59,1.7,2.86,16,33,2012
759,3375,LUKHA RIVER AT MYNDIHATI (TRIBUTARY OF LUNAR),MEGHALAYA,25,6.9,2.6,1072,3.2,1.17,3,21,2012
760,3376,LUKHA RIVER AT SUNAPUR (TRIBUTARY OF LUNAR),MEGHALAYA,25,7.7,6.3,250,2.1,3.88,180,326,2012
761,3381,"MANDA RIVER (DUDHAI RIVER) AT JAMPA, EAST GARO HILLS",MEGHALAYA,25,8.8,7.3,37,1.5,1.62,15,35,2012
762,3382,"MANDA RIVER (DUDHAI RIVER) AT WAGAISI, EAST GARO HILLS",MEGHALAYA,25,7.3,7.3,72,2,1.65,17,36,2012
763,3377,"MYNTANG RIVER AT NARTIANG, JAYANTIA HILLS",MEGHALAYA,20,7.5,7,38,1.7,2.2,18,40,2012
764,3378,"MYNTANG RIVER AT MYNSO, JAYANTIA HILLS",MEGHALAYA,22,7.8,7.1,44,1.6,2.62,15,33,2012
765,1631,MYNTDU RIVER JOWAI,MEGHALAYA,20,7,7,100,2.4,3.03,1967,2600,2012
766,3379,"MYNTDU RIVER AT LESHKA, JAYANTIA HILLS",MEGHALAYA,21,7.5,6.3,52,1.7,0.82,7,21,2012
767,3367,"NONBAH RIVER AT NANGSTOIN MARKE, WEST KHASI HILLS",MEGHALAYA,16,6.4,6.9,61,2.6,3.88,227,538,2012
768,3368,"NONBAH RIVER AT NANGSTOIN MARKE, WEST KHASI HILLS",MEGHALAYA,17,7.5,7.1,39,1.4,2.88,12,22,2012
769,3372,"RILANG AT MAWKYRWAT, WEST KHASI HILLS",MEGHALAYA,17,8,7.1,41,1.4,3.35,10,25,2012
770,1633,SIMSANG RIVER WILLIAMNAGAR,MEGHALAYA,24,7.9,7.3,93,1.7,5.02,295,418,2012
771,3353,"UMIAM MAWPHLANG RIVER AT NONGKREM, EAST KHASI HILLS",MEGHALAYA,18,7.5,6.9,69,1.9,4.92,20,49,2012
772,3354,"UMIAM MAWPHLANG RIVER AT UMTYNGNGAR, EAST KHASI HILLS",MEGHALAYA,18,7.9,7.2,46,1.7,2.72,20,45,2012
773,3355,"UMIAM MAWPHLANG RIVER AT MAWPHLANG, EAST KHASI HILLS",MEGHALAYA,18,8,7.2,42,1.4,2.47,5,31,2012
774,3356,"UMIAM MAWPHLANG RIVER AT SHELLA, EAST KHASI HILLS",MEGHALAYA,25,7.7,7.1,101,1.5,3.42,16,43,2012
775,3350,UMKHEN AT WAHKDAIT,MEGHALAYA,19,7.2,7.1,49,1.6,2.86,17,40,2012
776,3351,UMKHEN AT KSEHPONGDENG,MEGHALAYA,21,8.2,7.1,49,1.2,2.81,15,32,2012
777,3352,"UMKHEN AT DIENGPASOH, EAST KHASI HILLS",MEGHALAYA,21,7.8,7.1,58,1.5,2.97,19,43,2012
778,3359,"UMKHRAH RIVER AT DEMTHRING, SHILLONG",MEGHALAYA,18,3.9,7.1,235,16.9,16.61,16500,23000,2012
779,3360,"UMKHRAH RIVER ATUMKALIAR, SHILLONG",MEGHALAYA,18,4.9,7.1,182,14.2,11.61,10417,15500,2012
780,3361,"UMKHRAH RIVER ATMAWLAI, SLAUGHTER",MEGHALAYA,19,2.7,7.1,281,35.4,14.84,41000,62667,2012
781,3362,"UMKHRAH RIVER AT MAWPDANG, MAWLAI",MEGHALAYA,19,2.5,7.1,382,37.2,11.81,53083,87167,2012
782,3357,"UMNGOT RIVER AT SMIT, EAST KHASI HILLS",MEGHALAYA,18,8,7,48,1.4,3.8,17,41,2012
783,3358,"UMNGOT RIVER AT DAWKI, EAST KHASI HILLS",MEGHALAYA,24,8.4,7.1,48,1.2,3.08,18,45,2012
784,3363,"UMSHYRPI AT RISA COLONY, EAST KHASI HILLS",MEGHALAYA,17,6.8,6.6,49,1.9,3.07,18,38,2012
785,3364,"UMSHYRPI  AT LAW COLLEGE, DHANKETI, EAST KHASI HILLS",MEGHALAYA,18,2.1,7,286,45.6,10.61,51250,84500,2012
786,3365,"UMSHYRPI AT UMSHYRPI BDG, EAST KHASI HILLS",MEGHALAYA,19,4,7.1,194,22.4,10.47,29500,45250,2012
787,1427,UMTREW AT BYRNIHAT EAST,MEGHALAYA,24,7.7,7.2,107,6.6,3.02,285,425,2012
788,3366,"UMTREW RIVER AT UMRAN, RINAN BHOI",MEGHALAYA,22,7.6,7.1,51,2,2.6,37,81,2012
789,3373,"WAH BLEI AT RIANGDO, WEST KHASI HILLS",MEGHALAYA,20,7.7,7.1,46,1.6,3.93,8,22,2012
790,3374,"WAH BLEI AT SHDADDKHAR, WEST KHASI HILLS",MEGHALAYA,20,7.7,7.1,49,1.9,3.89,11,26,2012
791,2050,TLAWNG UPSTREAM AIZAWL,MIZORAM,24,6.5,7.4,297,1,0.13,26,438,2012
792,2051,TLAWNG DOWNSTREAM AIZAWL,MIZORAM,24,6.3,7.5,287,0.9,0.14,5,204,2012
793,2052,TUIRIAL UPPER CATCHMENT,MIZORAM,24,6.5,7.2,375,1.1,0.17,33,625,2012
794,2053,TUIRIAL LOWER CATCHMENT,MIZORAM,24,6.9,6.9,349,1.1,0.18,38,503,2012
795,1403,GUMTI AT U/S SOUTH TRIPURA,TRIPURA,28,6.6,7.8,165,1.6, ,268,316,2012
796,1404,GUMTI AT D/S SOUTH TRIPURA,TRIPURA,28,6.4,8,155,3.9,0.5,512,516,2012
797,1726,"CHANDRAPUR, AGARTALA D/S OF HAORA RIVER",TRIPURA,27,6.5,8,168,4.2,0.99,488,616,2012
800,2460,DAMANGANGA AT DISCHARGE POINT OF DISTILLERY,"DAMAN, DIU, DADRA NAGAR HAVELI",28.1,4.6,8,23576,158.8,6.88,35,46,2011
807,1150,DAMANGANGA AT KACHIGAON U\S AT GIDC WIER,GUJARAT,27.6,7.1,7.3,212,1.4,0.84,3,6,2011
808,1246,DAMANGANGA AT KACHIGAON D\S (DAMAN),GUJARAT,28.2,5,8.3,12771,4.1,1.48,7,30,2011
809,1860,BALEHWAR KHADI AT N.H. NO. 8,GUJARAT,28,6.7,8,304,1.5,0.18,1500,3550,2011
810,1861,PURNA ON BRIDGE AT SURATNANNAVSARI HIGHWAY,GUJARAT,28.5,5.8,7.7,1315,2.5,0.22,1900,6800,2011
811,1862,KAVERI ON BRIDGE AT BILLIMORANANVALSAD ROAD,GUJARAT,29.5,5.9,7.6,36593,3.9,0.07,1200,3200,2011
812,1865,DHADAR AT KOTHADA,GUJARAT,27,7.6,7.7,1291,10,0.34,23,77,2011
813,1148,AMBIKA AT BILIMORA,GUJARAT,29.5,6,7.7,18865,3.6,3.12,900,2450,2011
814,1435,"KOLAK AT RAILWAY BRIDGE NO. 313 VAPI,VALSAD",GUJARAT,27,4.3,8.4,605,6.5,1.68,5,15,2011
815,1149,KOLAK AT PATALIA BDG.,GUJARAT,26.7,3.7,8.2,600,4.3,1.66,6,20,2011
816,1438,MINDHOLA AT STATE HIGHWAY BRIDGE SACHIN,GUJARAT,27,4.6,7.2,729,4,0.33,900,2300,2011
818,1399,"ZUARI AT D/S OF PT. WHERE KUMBARJRIA CANAL JOINS, GOA",GOA,28.7,6.8,6.5,43,1.1,0.42,8,178,2011
819,1475,ZUARI AT PANCHAWADI,GOA,29.3,6.6,7,59,1.1,0.27,8,113,2011
820,1400,"MANDOVI AT NEGHBOURHOOD OF PANAJI, GOA",GOA,28.8,6,6.2,106,1.5,0.28,9,166,2011
821,1476,"MANDOVI AT TONCA, MARCELA, GOA",GOA,28.3,5.9,6.6,516,1.1,0.18,8,169,2011
822,1543,RIVER KALNA AT CHANDELNAN PERNEM,GOA,25.8,7.3,6.1,87,0.9,0.33,6,169,2011
823,1548,RIVER ASSONORA AT ASSONORA,GOA,28.3,7.3,5.9,74,1.5,0.22,8,163,2011
824,2276,RIVER BICHOLIM VARAZAN NAGAR,GOA,27.8,6.7,6.3,127,2,0.44,10,149,2011
825,2275,"RIVER CHAPORA NEAR ALORNA FORT ,PERNEM",GOA,26,6.8,6.2,226,1.6,0.18,9,151,2011
826,1546,RIVER KHANDEPAR AT OPA NAN PONDA,GOA,27.8,7.1,5.9,93,1.8,0.28,9,131,2011
827,2270,"RIVER KHANDEPAR AT CODLI NEAR BRIDGE ,U/S OPA WATERWORKS,SANGUEM",GOA,26.3,7.4,6.2,76,1.3,0.41,11,133,2011
828,2272,"RIVER KUSHAWATI NEAR BUND AT KEVONA,RIVON,SANGUEM",GOA,25.7,7.3,6.2,113,1.2,0.33,9,137,2011
829,1545,RIVER MADAI AT DABOS NAN  VALPOI,GOA,29,7.3,5.9,100,1.3,0.27,6,173,2011
830,2274,RIVER MAPUSA ON CULVERT ON HIGHWAY MAPUSANANPANAJI,GOA,26.9,6,5.9,273,1.8,0.31,10,171,2011
831,2271,"RIVER SAL PAZORKHONI, CUNCOLIM (NEAR CULVERT MARGAONAN CANACONA NATIONAL HIGHWAY)",GOA,27,6.1,6.5,201,2,0.43,9,149,2011
832,2273,"RIVER SAL NEAR HOTEL LEELA MOBOR,CAVELOSSIM",GOA,27.5,6.2,6.3,245,1.8,0.31,7,135,2011
833,1547,RIVER TALPONA AT CANACONA,GOA,28.3,7,6.5,75,0.9,0.22,7,166,2011
834,1544,"VALVANT AT SANKLI NAN BICHOLIM, GOA",GOA,29,7.3,6,74,1.6,0.11,8,181,2011
835,2651,"AMBA RIVER AT D/S OF WAKEN BRIDGENANU/S OF JS PETRO CHEMICALS, WAKENPHATA, ROHA",MAHARASHTRA,28.2,7.1,7.9,108,3.3,0.42,65,137,2011
837,2653,"BHATSA RIVER AT D/S OF LIBERTY OIL MILLS, SATNEL, SHAHAPUR, THANE",MAHARASHTRA,27.4,7,8,129,3.5,0.49,40,105,2011
838,2654,"BHATSA RIVER AT U/S OF LIBERTY OIL MILLS, SATNEL, SHAHAPUR, THANE",MAHARASHTRA,27.3,7,8,130,3.3,0.46,33,93,2011
839,1092,"KALU AT ATALE VILLAGE, MAHARASHTRA",MAHARASHTRA,28.5,5.7,7.4,2323,6.3,1.47,400,541,2011
840,2670,"KAN RIVER NEAR SAKRI WATER WORKS, SAKRI, DHULE",MAHARASHTRA,28.4,5.9,7.6,462,4.9,2.47,23,63,2011
841,1152,"KUNDALIKA AT ROHA CITY, MAHARASHTRA",MAHARASHTRA,28.4,7,7.7,107,3.8,0.4,131,285,2011
842,2198,KUNDALIKA RIVER AT ARE KHURD ( SALINE ZONE ),MAHARASHTRA,28.9,6.2,7.4,299,5.1,0.95,209,401,2011
843,2671,"KUNDALIKA RIVER NEAR SALAV BRIDGE (SALINA ZONE), SALAV, ROHA, RAIGAD",MAHARASHTRA,28.2,5.9,7.8,33259,6.8,1.61,114,228,2011
844,2672,"KUNDALIKA RIVER AT DHATAV AT JACKWELL, DHATAV, ROHA, RAIGAD",MAHARASHTRA,28.9,7.2,7.9,77,3.2,0.42,164,282,2011
845,2168,MITHI RIVER,MAHARASHTRA,27,3.2,7.4,28018,46,1.67,908,1164,2011
846,2676,"MUCHKUNDI RIVER AT WAKED NEAR M/S ASAHI INDIA GLASS LTD, WAKED, LANJA, RATNAGIRI",MAHARASHTRA,27.9,6.8,7.8,350,2.6,1.99,2,72,2011
847,1151,"PATALGANGA AT SHILPHATA, MAHARASHTRA",MAHARASHTRA,26.8,6.9,7.5,133,3.2,0.55,252,409,2011
848,1462,"PATALGANGA NEAR INTAKE OF MIDC W/W, MAHARASHTRA",MAHARASHTRA,27.2,6.9,7.5,143,3.4,0.54,149,307,2011
849,2685,"PATALGANGA RIVER AT D/S OF KHARPADA BRIDGE, KHARPADA, KHALAPUR, RAIGAD",MAHARASHTRA,26.8,6.1,6.9,609,4.2,3.1,65,135,2011
850,2686,"PATALGANGA RIVER AT VYAL PUMP HOUSE, VYAL, KHALAPUR, RAIGAD",MAHARASHTRA,26.9,6.8,7.4,129,3.2,0.86,51,133,2011
851,2687,"PATALGANGA RIVER AT KHALAPUR PUMPING STATION, KHALAPUR, RAIGAD",MAHARASHTRA,26.8,6.7,7.4,130,3.2,0.75,45,124,2011
852,2688,"PATALGANGA RIVER AT SAVROLI BRIDGE, KHALAPUR. RAIGAD",MAHARASHTRA,26.9,6.6,7.4,130,5,0.74,67,158,2011
853,2689,"PATALGANGA RIVER AT GAGANGIRI MAHARAJ TEMPLE, KHOPOLI, KHALAPUR, RAIGAD",MAHARASHTRA,26.9,6.7,7.5,120,3.6,0.73,85,226,2011
854,2696,"PEHLAR DAM ON PEHLAR R. INLET OF WATER WORKS, VASAI, THANE.",MAHARASHTRA,26.2,7.1,7.9,139,3.2,0.45,74,147,2011
855,2199,SAVITRI RIVER AT OVALE VILLAGE.,MAHARASHTRA,27.4,6,7.4,13925,59.1,3.08,4,116,2011
856,2701,"SAVITRI JACKWELL AT UPSA KENDRE, NANGALWADI, MAHAD, RAIGAD",MAHARASHTRA,26.4,6.7,7.7,274,2.3,2.04,5,88,2011
857,2702,"SAVITRI AT SHEDAV DOH,,RAIGAD",MAHARASHTRA,26.7,6.3,7.9,326,2.5,2.32,2,71,2011
858,2703,SAVITRI RIVER AT DADLI BRIDGE,MAHARASHTRA,27.3,6.3,7.9,7392,2.4,6.41,4,71,2011
859,2704,"SAVITRI RIVER AT MUTHAVALI VILLAGE, MAHAD, RAIGADH",MAHARASHTRA,27.4,6.3,7.7,12051,4.4,5.37,4,102,2011
860,2706,"SURYA RIVER, U/S OF SURYA DAM, DHAMMI, VIKRAMGAD, THANE",MAHARASHTRA,27.6,7,8.3,162,3.8,0.48,44,90,2011
861,2707,"SURYA RIVER AT MIDC PUMPING STN, GARVASHET, PALGHAR, THANE",MAHARASHTRA,27.5,7,8.3,212,3.6,0.44,47,90,2011
862,2708,"SURYA AT INTAKE OF VASAINANVIRAR W/S SCHEME, MASVAN, PALGHAR",MAHARASHTRA,27.5,7.1,8.3,227,3.2,0.48,67,124,2011
863,2709,"TANSA RIVER NEAR ROAD BRIDGE, VILLAGE DAKEWALI, WADA, THANE",MAHARASHTRA,26.9,6.8,8.2,314,4.3,0.45,28,69,2011
864,1093,"ULHAS AT U/S OF NRC BUND AT MOHANE, MAHARASHTRA",MAHARASHTRA,25.9,6.8,7.8,151,3.4,0.5,601,740,2011
865,1094,ULHAS AT U/S OF BADLAPUR,MAHARASHTRA,25.9,7,7.8,123,3.4,0.44,42,100,2011
866,2162,ULHAS ATJAMBHUL WATER WORKS.,MAHARASHTRA,26,6.9,7.8,139,3.3,0.76,85,169,2011
867,2712,"VAITARNA NEAR ROAD BRIDGE, GANDHARE VILLAGE, WADA, THANE",MAHARASHTRA,26.9,6.8,8.2,313,4,0.49,49,99,2011
868,2164,VASHISTI AT U/S OF THREE M PAPER MILLS NEAR M/S MULTIFILMS PLASTIC PVT. LTD. AT KHERDI.,MAHARASHTRA,24.8,6.7,7.8,215,2.5,0.83,2,51,2011
869,2713,"VASHISTI AT D/S OF THREE M PAPER MILLS NEAR CHIPLUN WATER INTAKE JACKWELL AT KHERDI, RATNAGIRI. ",MAHARASHTRA,26.2,6.7,7.8,204,2.5,0.77,2,68,2011
870,2714,VASHISTI AT U/S OF POPHALI NR KONPHANSAWANE BRIDGE,MAHARASHTRA,25.3,6.9,7.7,205,2.2,0.93,2,55,2011
871,1342,ACHENKOIL AT THUMPAMON,KERALA,26.6,7.1,6.9,72,0.5,0.25,278,641,2011
872,1443,ACHENKOIL AT CHENNITHULA,KERALA,26.8,6.6,6.9,70,0.9,0.49,223,495,2011
873,2297,R ANCHARAKANDY AT MERUVAMBA,KERALA,26.6,6.9,7.1,52,0.8,0.18,46,520,2011
874,2319,R ANCHARAKANDY AT MERUVAMBA,KERALA,26.8,7.2,7,830,0.8,0.16,94,654,2011
875,2286,R AYROOR AT AYROOR BRIDGE,KERALA,29.3,6.3,6.9,95,1.3,0.99,750,1325,2011
876,2331,R BHARATHAPUZHA AT KUTTIPPURAM,KERALA,25.4,7.2,7.4,164,0.9,0.46,1325,2225,2011
877,2332,R BHARATHAPUZHA AT PATTAMBI,KERALA,25.5,6.9,7.5,231,0.8,0.55,1000,1725,2011
878,1154,CHALAKUDY AT PULICKALKANANDAVU,KERALA,26.6,6.5,6.9,101,1.3,0.47,468,1127,2011
879,20,"CHALIYAR AT KOOLIMADU, KERALA",KERALA,24.7,7.1,7.1,64,0.6,0.4,283,646,2011
880,21,CHALIYAR AT CHUNGAPALLY,KERALA,24.8,7.1,7.1,4600,0.6,0.35,229,538,2011
881,1572,CHANDRAGIRI AT PADIYATHADKA,KERALA,28,7.5,7.2,52,0.6,0.15,285,900,2011
882,1573,CHITTHRAPUZHA AT IRUMPANAM,KERALA,27.4,2,6.8,265,2.4,2.3,1525,5425,2011
883,2295,R CORAPUZHA AT KANAYANKODE,KERALA,26,5.6,7,12769,1.2,0.41,725,1650,2011
884,1564,"ITHIKKARA AT AYUR, KERALA",KERALA,27.4,7.1,7,90,0.6,0.64,338,625,2011
885,2287,R ITHIKKARA AT ITHIKKARA,KERALA,26.5,6.1,7,248,0.8,0.66,500,1150,2011
886,1566,KADALUNDY AT THIRURANGADY,KERALA,28.4,6,7,94,1.1,0.13,183,370,2011
887,2293,R KADALUNDI AT HAJIRAPPALLY,KERALA,28.8,6.5,7.5,76,0.8,0.08,275,585,2011
888,2337,R KADAMBAYAR AT BRAHMAPURAM,KERALA,26.7,1.5,6.6,192,3.6,0.92,881,2978,2011
889,2338,R KADAMBAYAR AT MANCKAKADAVU,KERALA,26.4,2,6.8,79,2.4,0.2,456,1275,2011
890,42,"KALLADA AT PERUMTHOTTAM KADAVU, PUNALOOR, KERALA",KERALA,26.5,7.2,7.1,52,0.6,0.15,298,687,2011
891,2294,R KALLAI AT KALLAI BRIDGE,KERALA,25.5,4,7.5,25964,1.1,0.76,945,1588,2011
892,1571,KARINGODE AT KAKKADAVU,KERALA,28,7.2,7.3,54,0.9,0.25,330,610,2011
893,1155,KARAMANA AT MOONNATTUMUKKU,KERALA,28,0.8,7.1,1239,11.9,1.87,4250,11000,2011
894,2289,R KARUVANNURR AT KARUVANNUR BRIDGE,KERALA,27.9,6.4,6.5,58,1.3,0.34,255,960,2011
895,2301,R KAVVAI AT KUTTIYOL PALAM,KERALA,28.1,6.3,6.8,77,1.2,0.16,73,208,2011
896,2291,R KEECHERI AT VADAKKANCHERY BRIDGE,KERALA,28.6,5.4,6.6,80,1.6,0.27,335,775,2011
897,2326,R KORAYAR AT KANJIKODE,KERALA,25.3,5.8,7.8,666,1,0.24,993,1650,2011
898,1569,R KUPPAM AT THALIPARAMBA,KERALA,28.3,6.6,7.2,12768,1.1,0.13,88,1412,2011
899,2298,R KUPPAM AT RAYAROM,KERALA,26.1,7.7,7.2,44,1,0.28,29,148,2011
900,1567,R KUTTIYADY AT  KUTTIYADY ESTATE,KERALA,24.3,7.1,7,27,0.4,0.11,73,218,2011
901,1568,"R MAHE AT VALAYAM, KERALA",KERALA,26,7.3,7.2,59,0.6,0.19,160,465,2011
902,2285,R MAMOM AT MAMOM BRIDGE,KERALA,28.5,7.8,7.1,119,0.7,0.87,875,1725,2011
903,1340,"MANIMALA  AT KALLOOPARA,",KERALA,26.6,7.3,7.1,54,1.3,0.41,415,913,2011
904,1384,"MANIMALA AT THONDRA, KERALA",KERALA,26.8,7,6.6,104,1.5,0.49,500,1000,2011
905,2307,R MANJESWAR AT BAJRAKKARA BR.,KERALA,28,6,7.2,92,0.7,0.38,765,1390,2011
906,1339,"MEENACHIL AT KIDANGOOR, KERALA",KERALA,26.2,6.8,6.6,48,0.5,0.44,1225,2025,2011
907,2304,R MOGRAL AT MOGRAL BR.,KERALA,28.5,5.6,7.1,20455,0.6,0.58,433,675,2011
908,43,"MUVATTAPUZHA AT VETTIKKATTUMUKKU, KERALA",KERALA,26.5,7,7,56,1.1,0.43,768,1725,2011
909,2302,R NEELASWARAM AT NAMBIARKAL DAM,KERALA,29.3,6.7,6.9,2531,0.5,0.22,308,465,2011
910,1570,R NEELASWARAM AT HOSDURG,KERALA,29.3,6.2,7.2,15362,0.8,0.39,830,1303,2011
911,1563,"R NEYYAR AT AMARAVILA, KERALA",KERALA,27,7.3,7.2,62,0.8,0.95,525,985,2011
912,2284,R NEYYAR AT ARUVIPURAM,KERALA,27.3,7.6,7.2,59,0.6,0.65,463,1163,2011
913,2288,R PALLICKAL AT NELLIMUKAL,KERALA,27.9,6.4,6.8,83,0.5,0.42,175,575,2011
914,1156,"PAMBA AT CHENGANNUR, KERALA",KERALA,27.8,7,6.6,50,0.6,0.75,295,578,2011
915,1341,"PAMBA AT THAKAZHY, KERALA",KERALA,27.8,6.7,6.8,76,1.2,1.21,310,625,2011
916,1565,"PAMBA DOWN, KERALA",KERALA,28.3,6.7,6.6,64,0.9,1.35,428,838,2011
917,17,PERIYAR NEAR ALWAYENANELOOR,KERALA,27.5,5.6,6.9,943,1.5,0.4,655,1925,2011
918,18,"PERIYAR AT KALADY, KERALA",KERALA,26.3,7.4,7,38,0.9,0.26,386,1196,2011
919,1338,"PERIYAR AT SEWAGE DISCHARGE POINT, KERALA",KERALA,27,6.7,6.9,43,1,0.3,1043,2750,2011
920,2333,RIVER PERIYAR AT MUPPATHADAM,KERALA,27.4,7.1,7.3,48,1.5,0.36,595,1775,2011
921,2334,RIVER PERIYAR AT PATHALAM,KERALA,27,6.2,6.8,309,1.6,0.39,1129,2725,2011
922,2335,R PERIYAR AT KALAMASSERY,KERALA,27.4,5.2,6.8,61,1.8,0.33,1123,2650,2011
923,2336,R PERIYAR AT PURAPPALLIKAVU,KERALA,27.3,6.8,6.9,995,1.1,0.24,349,1258,2011
924,2300,R PERUVAMBA AT CHANDAPPURA,KERALA,27,6.8,6.9,52,0.9,0.45,39,198,2011
925,2303,R PULLUR AT PULLUR BR.,KERALA,27.8,6.2,6.6,44,0.7,0.21,715,1630,2011
926,2290,R PUZHACKAL AT PUZHACKAL BRIDGE,KERALA,28.4,4.5,6.5,77,1.1,0.34,400,2675,2011
927,2299,R RAMAPURAM AT RAMAPURAM BRIDGE,KERALA,28.8,4,7,19279,0.9,0.03,98,233,2011
928,2305,R SHRIYA AT ANGADIMOGARU,KERALA,28.8,7,7.4,69,1,0.12,230,660,2011
929,2296,R THALLASSERY AT PATHIPPALAM,KERALA,25.9,6.5,6.8,58,0.5,0.24,303,1026,2011
930,2292,R THIRUR AT THALAKKADATHUR BRIDGE,KERALA,28,4.6,6.9,98,0.6,0.11,168,348,2011
931,2306,R UPPALA AT  UPPALA BR.,KERALA,28.5,6.6,7.3,12327,0.6,0.71,1326,2210,2011
932,1442,"VAMANAPURAM, KERALA",KERALA,28.8,7.1,7,51,1,0.78,750,1700,2011
933,1448,"NAGAVALLI AT THOTAPALLI REGULATOR, A.P.",ANDHRA PRADESH,27.6,6.2,7.5,371,1.1,1.62,3,528,2011
934,2352,"RIVER VAMSHADHARA, KALINGAPATNAM,VIZIANAGARAM",ANDHRA PRADESH,27.6,6.2,7.7,316,1.3,2.41,3,312,2011
935,1444,"KALI AT D/S WEST COAST PAPER MILL, KARNATAKA",KARNATAKA,28.3,7.3,7.1,241,2.9,1.17,100,185,2011
936,2780,"KALI AT U/S OF WCPM, DANDELI, KARNATAKA",KARNATAKA,27.5,7.7,7.4,121,1.4,0.64,378,1255,2011
937,1894,KUMARADHARA NAN U/S OF UPPINAGADY TOWN BEFORE CONFLUENCE WITH RIVER NETHRAVATHI,KARNATAKA,30.5,6.5,7.3,64,1,2.6,236,420,2011
938,1892,NETRAVATHI U/S OF DHARMASTALA AT WATER SUPPLY INTAKE POINT,KARNATAKA,29.5,6.9,7.4,57,1,1.28,46,409,2011
939,2423,"BUDHABALANGA, D/S OF BARIPADA TOWN",ORISSA,22.3,7.5,8,211,1.9,0.39,3005,6858,2011
940,2424,"BUDHABALANGA, D/S OF BARIPADA TOWN",ORISSA,22.3,7.2,8,263,3.7,0.63,6625,14725,2011
941,2425,"RIVER KERANDI(INTAKE WELL OF NALCO REFINARY, HAL, SUNABEDA)",ORISSA,25,7,7.6,111,1.6,0.67,1081,2743,2011
942,2422,"NAGAVALLI AT PENTA U/S, JAYKAYPUR TOWN",ORISSA,25.9,7.5,7.9,205,1.5,1,1615,3542,2011
943,1642,"NAGAVALLI AT JAYKAYPUR D/S, ORISSA",ORISSA,25.9,7.1,7.7,283,2.3,1.73,2882,6692,2011
944,1643,"NAGAVALLI AT RAYAGADA D/S, ORISSA",ORISSA,24.8,7.4,8,263,1.7,0.65,3113,6617,2011
945,1455,"RUSHIKULYA AT GANJAM U/S, ORISSA",ORISSA,27.5,8.1,8,300,2.3,0.45,2272,4569,2011
946,1456,"RUSHIKULYA AT GANJAM D/S, ORISSA",ORISSA,28,7.8,8,13103,2.1,0.59,277,739,2011
947,2426,VANSADHARA AT MUNIGUDA (D/S OF M/S VEDANTAALUMINA PROJECT),ORISSA,25,7.4,8,207,1.5,0.53,1356,2872,2011
948,2427,VANSADHARA AT GUNUPUR (INTERSTATE BOUNDRY),ORISSA,25.8,7.2,8,198,1.4,0.57,677,1850,2011
954,1450,"PALAR AT VANIYAMBADI WATER SUPPLY HEAD WORK, TAMILNADU",TAMIL NADU,28.4,6.3,7.6,830,1.8,0.24,738,2020,2011
957,1023,"GHAGGAR AT MUBARAKPUR REST HOUSE (PATIALA), PUNJAB",PUNJAB,24.8,5.8,7.2,732,8.5,3.83,1089,4838,2011
958,1024,"GHAGGAR AT 100M D/S CONF. WITH R. SARASWATI (PATIALA),PUNJAB",PUNJAB,24,5.6,7.4,1322,15.3,15,16750,41500,2011
959,1295,"GHAGGAR NEAR BANKARPUR,DERA BASSI,PUNJAB",PUNJAB,25,5.4,7.3,809,10,4.2,4278,8975,2011
960,1473,"GHAGGAR AT RATANHERI, D/S OF PATIALA NADI (AFTER CONFL.), PUNJAB",PUNJAB,23.3,5.7,7.3,1103,14.3,13.75,20250,52500,2011
961,1698,GHAGGAR AT D/S CHHATBIR,PUNJAB,25.8,5.7,7.5,906,24,14.18,7863,17625,2011
962,1699,"GHAGGAR AT U/S DHAKANSU NALLAH, PUNJAB",PUNJAB,25.8,3.5,7.4,1064,20,13.2,8000,14500,2011
963,1700,"GHAGGAR AT D/S DHAKANSU NALLAH, PUNJAB",PUNJAB,25.8,3.2,7.6,1197,27.3,19.2,20250,40250,2011
964,1701,GHAGGAR AT D/S JHARMAL NADI,PUNJAB,26,4.7,7.3,1383,32.8,16.4,14388,42875,2011
965,1702,GHAGGAR AT U/S JHARMAL NADI,PUNJAB,26,4.8,7.4,1063,16,5.03,3138,8025,2011
966,1703,"GHAGGAR AT MOONAK, PUNJAB",PUNJAB,24.4,5.3,7.5,1532,18.3,15.8,27000,63500,2011
967,1704,GHAGGAR AT D/S SARDULGARH,PUNJAB,23.4,5.6,7.5,1269,34.5,12.15,22000,60000,2011
968,1705,GHAGGAR AT U/S SARDULGARH,PUNJAB,24.3,5.4,7.4,1194,22,8.3,10000,35000,2011
972,1718,"GAGGAR RIVER WHEN ENTERING IN RAJASTHAN FROM HARYANA NEAR RD NO. 629, RAJASTHAN",RAJASTHAN,28,4.8,7.9,650,3.2,0.68,6,62,2011
973,1719,"GAGGAR RIVER D/S HANUMANGARH NEAR 2 KNJ NAI ABADI, MAKKASR",RAJASTHAN,32,5,7.3,390,2.8,0.14,4,20,2011
974,1871,"RIVER MARKANDA AT PAONTA, DISTT. SIRMOUR, H.P.",HIMACHAL PRADESH,21.4,8.3,7.6,334,1,0.49,9,16,2011
975,2624,MARKANDA U/S KALA AMB,HIMACHAL PRADESH,22.3,8.2,7.7,316,1.2,0.48,11,20,2011
977,2625,MARKANDA D/S KALA AMB/ BOUNDARY OF HARYANA,HIMACHAL PRADESH,22.8,8.3,7.6,304,1.2,0.51,12,20,2011
978,1870,"RIVER SUKHANA AT PARWANOO, DISTT. SOLAN, H.P.",HIMACHAL PRADESH,21.8,5.5,7.6,743,7.6,1.02,81,166,2011
979,2948,"RIVER BANDI AT HEMAWAS DAM, PALI, RAJASTHAN",RAJASTHAN,26.9,5.1,7.8,657,1.7,0.26,6,23,2011
1017,1632,"GANOL RIVER TURA, MEGHALAYA",MEGHALAYA,24.4,7.8,7.2,139,1.9,0.56,263,359,2011
1018,1428,"KHARKHLA NEAR SUTNGA KHLIERIAT,JAINTIA HILLS DT.,MEGHALAYA",MEGHALAYA,21.8,6.5,3.1,489,6.1,0.52,32,47,2011
1019,1631,"MYNTDU RIVER JOWAI, MEGHALAYA",MEGHALAYA,20.8,7.3,7,162,2.2,0.69,2085,2633,2011
1020,1633,SIMSANG RIVER WILLIAMNAGAR,MEGHALAYA,25.2,7.8,7.1,136,1.9,0.52,303,409,2011
1021,1427,UMTREW AT BYRNIHAT EAST,MEGHALAYA,24,7.7,7.1,205,7,0.84,303,461,2011
1022,2050,TLAWNG UPSTREAM AIZAWL,MIZORAM,23.4,8.1,7.1,267,1,0.11,2,12,2011
1023,2051,TLAWNG DOWNSTREAM AIZAWL,MIZORAM,23.4,8,7,278,1.1,0.11,3,18,2011
1024,2052,TUIRIAL UPPER CATCHMENT,MIZORAM,23.2,6.9,7.2,268,1.1,0.11,6,37,2011
1025,2053,TUIRIAL LOWER CATCHMENT,MIZORAM,23.3,6.8,7.1,286,1.3,0.11,8,29,2011
1027,1404,GUMTI AT D/S SOUTH TRIPURA,TRIPURA,28.6,6.3,8,164,3.4,0.3,380,528,2011
1028,1726,"CHANDRAPUR, AGARTALA D/S OF HAORA RIVER, TRIPURA",TRIPURA,28.5,6.6,7.9,196,4.4,0.8,425,648,2011
1029,2459,"DAMANGANGA AT ZARI CAUSE WAY BRIDGE, DAMAN ",DAMAN & DIU,29.9,5.6,7.5,15608,25,18.73,5,5,2010
1037,1860,BALEHWAR KHADI AT N.H. NO. 8,GUJARAT,26,5.1,8.1,533,3.7,0.45,3900,7500,2010
1038,1861,RIVER PURNA ON BRIDGE AT SURATNANNAVSARI HIGHWAY,GUJARAT,27,7.1,8,555,2,0.35,7500,15000,2010
1039,1862,RIVER KAVERI ON BRIDGE AT BILLIMORANANVALSAD ROAD,GUJARAT,27,6.8,8.2,26600,3.1,0.62,9000,23000,2010
1040,1865,RIVER DHADAR AT KOTHADA,GUJARAT,29.3,8.1,7.6,938,8.6,0.4,22,108,2010
1041,1148,"AMBIKA AT BILIMORA, ",GUJARAT,28.4,6.2,7.8,7778,2.7,0.26,2880,6581,2010
1043,1438,"MINDHOLA AT STATE HIGHWAY BRIDGE SACHIN, ",GUJARAT,28.3,3.2,7.7,885,6.3,0.51,3900,9575,2010
1209,1633,SIMSANG RIVER WILLIAMNAGAR,MIZORAM,25,8.23,7.38,143,1.55,3.55,255,360,2010
1215,1404,GUMTI AT D/S SOUTH TRIPURA,tripura,28,6.2,7.7,176,3.5,0.2,532,592,2010
1216,1726,"CHANDRAPUR, AGARTALA D/S OF HAORA RIVER, TRIPURA",tripura,29,6.3,8,198,4.2,0.3,524,686,2010
